Level	Rule Name	Subject	Property	Value
ERROR	deprecated_class_reference	blank node	owl:someValuesFrom	obsolete germ line stem cell (sensu Nematoda and Protostomia)
ERROR	deprecated_class_reference	blank node	owl:someValuesFrom	obsolete aging
ERROR	deprecated_class_reference	blank node	owl:someValuesFrom	obsolete animal organ senescence
ERROR	deprecated_class_reference	blank node	owl:someValuesFrom	GO:0016246
ERROR	deprecated_class_reference	blank node	owl:someValuesFrom	obsolete water homeostasis
ERROR	deprecated_class_reference	blank node	owl:someValuesFrom	GO:0034613
ERROR	deprecated_class_reference	blank node	owl:someValuesFrom	obsolete neurotransmitter metabolic process
ERROR	deprecated_class_reference	blank node	owl:someValuesFrom	obsolete necrotic cell death
ERROR	deprecated_class_reference	blank node	owl:someValuesFrom	obsolete response to benomyl
ERROR	deprecated_class_reference	blank node	owl:someValuesFrom	obsolete response to tunicamycin
ERROR	duplicate_definition	B cell	definition	Rectal cell, postembryonic blast cell in male
ERROR	duplicate_definition	U cell	definition	Rectal cell, postembryonic blast cell in male
ERROR	duplicate_definition	C	definition	Embryonic founder cell
ERROR	duplicate_definition	AB	definition	Embryonic founder cell
ERROR	duplicate_definition	MS	definition	Embryonic founder cell
ERROR	duplicate_definition	E	definition	Embryonic founder cell
ERROR	duplicate_definition	D	definition	Embryonic founder cell
ERROR	duplicate_label	sterile	rdfs:label	sterile
ERROR	duplicate_label	sterile	rdfs:label	sterile
ERROR	duplicate_label	oocyte	rdfs:label	oocyte
ERROR	duplicate_label	oocyte	rdfs:label	oocyte
ERROR	duplicate_label	neuron	rdfs:label	neuron
ERROR	duplicate_label	neuron	rdfs:label	neuron
ERROR	duplicate_label	male	rdfs:label	male
ERROR	duplicate_label	male	rdfs:label	male
ERROR	duplicate_label	hermaphrodite	rdfs:label	hermaphrodite
ERROR	duplicate_label	hermaphrodite	rdfs:label	hermaphrodite
ERROR	duplicate_label	germ cell	rdfs:label	germ cell
ERROR	duplicate_label	germ cell	rdfs:label	germ cell
ERROR	duplicate_label	epithelial cell	rdfs:label	epithelial cell
ERROR	duplicate_label	epithelial cell	rdfs:label	epithelial cell
ERROR	duplicate_label	blistered	rdfs:label	blistered
ERROR	duplicate_label	blistered	rdfs:label	blistered
ERROR	multiple_labels	part of	rdfs:label	part of
ERROR	multiple_labels	part of	rdfs:label	part of@en
ERROR	multiple_labels	part of	rdfs:label	part_of
ERROR	multiple_labels	has part	rdfs:label	has part
ERROR	multiple_labels	has part	rdfs:label	has part@en
ERROR	multiple_labels	preceded_by	rdfs:label	preceded by@en
ERROR	multiple_labels	preceded_by	rdfs:label	preceded_by
ERROR	multiple_labels	occurs in	rdfs:label	occurs in
ERROR	multiple_labels	occurs in	rdfs:label	occurs in@en
ERROR	multiple_labels	molecular_function	rdfs:label	gene product or complex activity@en
ERROR	multiple_labels	molecular_function	rdfs:label	molecular_function
ERROR	multiple_labels	biological_process	rdfs:label	biological process@en
ERROR	multiple_labels	biological_process	rdfs:label	biological_process
ERROR	multiple_labels	definition	rdfs:label	definition
ERROR	multiple_labels	definition	rdfs:label	definition@en
ERROR	multiple_labels	has ontology root term	rdfs:label	has ontology root term
ERROR	multiple_labels	has ontology root term	rdfs:label	has ontology root term@en
ERROR	multiple_labels	term replaced by	rdfs:label	term replaced by
ERROR	multiple_labels	term replaced by	rdfs:label	term replaced by@en
ERROR	multiple_labels	has role	rdfs:label	has role
ERROR	multiple_labels	has role	rdfs:label	has role@en
ERROR	multiple_labels	immediately preceded by	rdfs:label	immediately preceded by@en
ERROR	multiple_labels	immediately preceded by	rdfs:label	starts_at_end_of
ERROR	multiple_labels	develops from	rdfs:label	develops from@en
ERROR	multiple_labels	develops from	rdfs:label	develops_from
ERROR	multiple_labels	regulates	rdfs:label	regulates
ERROR	multiple_labels	regulates	rdfs:label	regulates@en
ERROR	multiple_labels	negatively regulates	rdfs:label	negatively regulates
ERROR	multiple_labels	negatively regulates	rdfs:label	negatively regulates@en
ERROR	multiple_labels	positively regulates	rdfs:label	positively regulates
ERROR	multiple_labels	positively regulates	rdfs:label	positively regulates@en
ERROR	multiple_labels	has_broad_synonym	rdfs:label	has broad synonym@en
ERROR	multiple_labels	has_broad_synonym	rdfs:label	has_broad_synonym
ERROR	multiple_labels	has cross-reference	rdfs:label	database_cross_reference
ERROR	multiple_labels	has cross-reference	rdfs:label	has cross-reference
ERROR	multiple_labels	has exact synonym	rdfs:label	has exact synonym@en
ERROR	multiple_labels	has exact synonym	rdfs:label	has_exact_synonym
ERROR	multiple_labels	has narrow synonym	rdfs:label	has narrow synonym@en
ERROR	multiple_labels	has narrow synonym	rdfs:label	has_narrow_synonym
ERROR	multiple_labels	has_related_synonym	rdfs:label	has related synonym@en
ERROR	multiple_labels	has_related_synonym	rdfs:label	has_related_synonym
WARN	annotation_whitespace	capable of	definition	A relation between a material entity (such as a cell) and a process, in which the material entity has the ability to carry out the process. 
WARN	duplicate_exact_synonym	cysteine	has exact synonym	Cysteine
WARN	duplicate_exact_synonym	L-cysteine	has exact synonym	CYSTEINE
WARN	duplicate_label_synonym	chloride	has exact synonym	chloride
WARN	duplicate_label_synonym	ammonium	has exact synonym	ammonium
WARN	duplicate_label_synonym	heme	has exact synonym	heme
WARN	duplicate_label_synonym	hydrogen bromide	has exact synonym	hydrogen bromide
WARN	duplicate_label_synonym	variant	has exact synonym	variant
WARN	duplicate_label_synonym	protruding	has exact synonym	protruding
WARN	duplicate_label_synonym	quantitative	has exact synonym	quantitative
WARN	duplicate_label_synonym	long	has exact synonym	long
WARN	duplicate_label_synonym	short	has exact synonym	short
WARN	duplicate_label_synonym	hyperactive	has exact synonym	hyperactive
WARN	duplicate_label_synonym	clear	has exact synonym	clear
WARN	duplicate_label_synonym	pale	has exact synonym	pale
WARN	duplicate_scoped_synonym	cysteine	has exact synonym	Cysteine
WARN	duplicate_scoped_synonym	cysteine	has_related_synonym	Cysteine
WARN	duplicate_scoped_synonym	acetic acid	has exact synonym	ACETIC ACID
WARN	duplicate_scoped_synonym	acetic acid	has exact synonym	Acetic acid
WARN	duplicate_scoped_synonym	acetic acid	has_related_synonym	ACETIC ACID
WARN	duplicate_scoped_synonym	acetic acid	has_related_synonym	Acetic acid
WARN	duplicate_scoped_synonym	bromide	has exact synonym	Bromide
WARN	duplicate_scoped_synonym	bromide	has_related_synonym	Bromide
WARN	duplicate_scoped_synonym	cyclopentanol	has exact synonym	Cyclopentanol
WARN	duplicate_scoped_synonym	cyclopentanol	has_related_synonym	Cyclopentanol
WARN	duplicate_scoped_synonym	ammonia	has exact synonym	AMMONIA
WARN	duplicate_scoped_synonym	ammonia	has exact synonym	Ammonia
WARN	duplicate_scoped_synonym	ammonia	has_related_synonym	AMMONIA
WARN	duplicate_scoped_synonym	ammonia	has_related_synonym	Ammonia
WARN	duplicate_scoped_synonym	hydrogen sulfide	has exact synonym	Hydrogen sulfide
WARN	duplicate_scoped_synonym	hydrogen sulfide	has_related_synonym	Hydrogen sulfide
WARN	duplicate_scoped_synonym	methane	has exact synonym	Methane
WARN	duplicate_scoped_synonym	methane	has_related_synonym	Methane
WARN	duplicate_scoped_synonym	urea	has exact synonym	UREA
WARN	duplicate_scoped_synonym	urea	has exact synonym	Urea
WARN	duplicate_scoped_synonym	urea	has_related_synonym	UREA
WARN	duplicate_scoped_synonym	urea	has_related_synonym	Urea
WARN	duplicate_scoped_synonym	ethanol	has exact synonym	ETHANOL
WARN	duplicate_scoped_synonym	ethanol	has exact synonym	Ethanol
WARN	duplicate_scoped_synonym	ethanol	has_related_synonym	ETHANOL
WARN	duplicate_scoped_synonym	ethanol	has_related_synonym	Ethanol
WARN	duplicate_scoped_synonym	hydrogen peroxide	has exact synonym	HYDROGEN PEROXIDE
WARN	duplicate_scoped_synonym	hydrogen peroxide	has exact synonym	Hydrogen peroxide
WARN	duplicate_scoped_synonym	hydrogen peroxide	has_related_synonym	HYDROGEN PEROXIDE
WARN	duplicate_scoped_synonym	hydrogen peroxide	has_related_synonym	Hydrogen peroxide
WARN	duplicate_scoped_synonym	adenosine	has exact synonym	ADENOSINE
WARN	duplicate_scoped_synonym	adenosine	has exact synonym	Adenosine
WARN	duplicate_scoped_synonym	adenosine	has_related_synonym	ADENOSINE
WARN	duplicate_scoped_synonym	adenosine	has_related_synonym	Adenosine
WARN	duplicate_scoped_synonym	D-cysteine	has exact synonym	D-CYSTEINE
WARN	duplicate_scoped_synonym	D-cysteine	has exact synonym	D-Cysteine
WARN	duplicate_scoped_synonym	D-cysteine	has_related_synonym	D-CYSTEINE
WARN	duplicate_scoped_synonym	D-cysteine	has_related_synonym	D-Cysteine
WARN	duplicate_scoped_synonym	iodide	has exact synonym	Iodide
WARN	duplicate_scoped_synonym	iodide	has_related_synonym	Iodide
WARN	duplicate_scoped_synonym	carbon dioxide	has exact synonym	CARBON DIOXIDE
WARN	duplicate_scoped_synonym	carbon dioxide	has exact synonym	Carbon dioxide
WARN	duplicate_scoped_synonym	carbon dioxide	has_related_synonym	CARBON DIOXIDE
WARN	duplicate_scoped_synonym	carbon dioxide	has_related_synonym	Carbon dioxide
WARN	duplicate_scoped_synonym	tryptamine	has exact synonym	2-(1H-INDOL-3-YL)ETHANAMINE
WARN	duplicate_scoped_synonym	tryptamine	has_related_synonym	2-(1H-INDOL-3-YL)ETHANAMINE
WARN	duplicate_scoped_synonym	gamma-aminobutyric acid	has exact synonym	4-Aminobutanoic acid
WARN	duplicate_scoped_synonym	gamma-aminobutyric acid	has exact synonym	4-aminobutanoic acid
WARN	duplicate_scoped_synonym	gamma-aminobutyric acid	has_related_synonym	4-Aminobutanoic acid
WARN	duplicate_scoped_synonym	gamma-aminobutyric acid	has_related_synonym	4-aminobutanoic acid
WARN	duplicate_scoped_synonym	fluoride	has exact synonym	Fluoride
WARN	duplicate_scoped_synonym	fluoride	has_related_synonym	Fluoride
WARN	duplicate_scoped_synonym	ketone	has exact synonym	ketones
WARN	duplicate_scoped_synonym	ketone	has_related_synonym	ketones
WARN	duplicate_scoped_synonym	7H-purine	has exact synonym	Purine
WARN	duplicate_scoped_synonym	7H-purine	has_related_synonym	Purine
WARN	duplicate_scoped_synonym	aldehyde	has exact synonym	Aldehyde
WARN	duplicate_scoped_synonym	aldehyde	has_related_synonym	Aldehyde
WARN	duplicate_scoped_synonym	3',5'-cyclic AMP	has exact synonym	Adenosine 3',5'-phosphate
WARN	duplicate_scoped_synonym	3',5'-cyclic AMP	has_related_synonym	Adenosine 3',5'-phosphate
WARN	duplicate_scoped_synonym	hydrogencarbonate	has exact synonym	Hydrogencarbonate
WARN	duplicate_scoped_synonym	hydrogencarbonate	has_related_synonym	Hydrogencarbonate
WARN	duplicate_scoped_synonym	L-cysteine	has exact synonym	CYSTEINE
WARN	duplicate_scoped_synonym	L-cysteine	has exact synonym	L-Cysteine
WARN	duplicate_scoped_synonym	L-cysteine	has_related_synonym	CYSTEINE
WARN	duplicate_scoped_synonym	L-cysteine	has_related_synonym	L-Cysteine
WARN	duplicate_scoped_synonym	octane	has exact synonym	Octane
WARN	duplicate_scoped_synonym	octane	has_related_synonym	Octane
WARN	duplicate_scoped_synonym	methanol	has exact synonym	METHANOL
WARN	duplicate_scoped_synonym	methanol	has exact synonym	Methanol
WARN	duplicate_scoped_synonym	methanol	has_related_synonym	METHANOL
WARN	duplicate_scoped_synonym	methanol	has_related_synonym	Methanol
WARN	duplicate_scoped_synonym	chloride	has exact synonym	Chloride
WARN	duplicate_scoped_synonym	chloride	has exact synonym	chloride
WARN	duplicate_scoped_synonym	chloride	has_related_synonym	Chloride
WARN	duplicate_scoped_synonym	chloride	has_related_synonym	chloride
WARN	duplicate_scoped_synonym	cyclohexanol	has exact synonym	Cyclohexanol
WARN	duplicate_scoped_synonym	cyclohexanol	has_related_synonym	Cyclohexanol
WARN	duplicate_scoped_synonym	hydrogen halide	has exact synonym	hydrogen halides
WARN	duplicate_scoped_synonym	hydrogen halide	has_related_synonym	hydrogen halides
WARN	duplicate_scoped_synonym	dopamine	has exact synonym	4-(2-Aminoethyl)benzene-1,2-diol
WARN	duplicate_scoped_synonym	dopamine	has_related_synonym	4-(2-Aminoethyl)benzene-1,2-diol
WARN	duplicate_scoped_synonym	iron atom	has exact synonym	Iron
WARN	duplicate_scoped_synonym	iron atom	has_related_synonym	Iron
WARN	duplicate_scoped_synonym	nucleobase	has exact synonym	Base
WARN	duplicate_scoped_synonym	nucleobase	has_related_synonym	Base
WARN	duplicate_scoped_synonym	manganese atom	has exact synonym	Manganese
WARN	duplicate_scoped_synonym	manganese atom	has_related_synonym	Manganese
WARN	duplicate_scoped_synonym	alkane	has exact synonym	Alkane
WARN	duplicate_scoped_synonym	alkane	has_related_synonym	Alkane
WARN	duplicate_scoped_synonym	phosphate(3-)	has exact synonym	Phosphate
WARN	duplicate_scoped_synonym	phosphate(3-)	has_related_synonym	Phosphate
WARN	duplicate_scoped_synonym	methanesulfonic acid	has exact synonym	Methanesulfonic acid
WARN	duplicate_scoped_synonym	methanesulfonic acid	has_related_synonym	Methanesulfonic acid
WARN	duplicate_scoped_synonym	arsenic atom	has exact synonym	Arsenic
WARN	duplicate_scoped_synonym	arsenic atom	has_related_synonym	Arsenic
WARN	duplicate_scoped_synonym	carbon atom	has exact synonym	Carbon
WARN	duplicate_scoped_synonym	carbon atom	has_related_synonym	Carbon
WARN	duplicate_scoped_synonym	cobalt atom	has exact synonym	Cobalt
WARN	duplicate_scoped_synonym	cobalt atom	has_related_synonym	Cobalt
WARN	duplicate_scoped_synonym	galactose	has exact synonym	Galactose
WARN	duplicate_scoped_synonym	galactose	has_related_synonym	Galactose
WARN	duplicate_scoped_synonym	carbamic acid	has exact synonym	CARBAMIC ACID
WARN	duplicate_scoped_synonym	carbamic acid	has exact synonym	Carbamate
WARN	duplicate_scoped_synonym	carbamic acid	has exact synonym	Carbamic acid
WARN	duplicate_scoped_synonym	carbamic acid	has_related_synonym	CARBAMIC ACID
WARN	duplicate_scoped_synonym	carbamic acid	has_related_synonym	Carbamate
WARN	duplicate_scoped_synonym	carbamic acid	has_related_synonym	Carbamic acid
WARN	duplicate_scoped_synonym	phosphorus atom	has exact synonym	Phosphorus
WARN	duplicate_scoped_synonym	phosphorus atom	has_related_synonym	Phosphorus
WARN	duplicate_scoped_synonym	copper atom	has exact synonym	Copper
WARN	duplicate_scoped_synonym	copper atom	has_related_synonym	Copper
WARN	duplicate_scoped_synonym	serotonin	has exact synonym	3-(2-Aminoethyl)-1H-indol-5-ol
WARN	duplicate_scoped_synonym	serotonin	has_related_synonym	3-(2-Aminoethyl)-1H-indol-5-ol
WARN	duplicate_scoped_synonym	ammonium	has exact synonym	ammonium
WARN	duplicate_scoped_synonym	ammonium	has_related_synonym	ammonium
WARN	duplicate_scoped_synonym	carbonic acid	has exact synonym	Carbonic acid
WARN	duplicate_scoped_synonym	carbonic acid	has_related_synonym	Carbonic acid
WARN	duplicate_scoped_synonym	thiol	has exact synonym	Thiol
WARN	duplicate_scoped_synonym	thiol	has exact synonym	thiols
WARN	duplicate_scoped_synonym	thiol	has_related_synonym	Thiol
WARN	duplicate_scoped_synonym	thiol	has_related_synonym	thiols
WARN	duplicate_scoped_synonym	heme	has exact synonym	heme
WARN	duplicate_scoped_synonym	heme	has_related_synonym	heme
WARN	duplicate_scoped_synonym	formic acid	has exact synonym	FORMIC ACID
WARN	duplicate_scoped_synonym	formic acid	has exact synonym	Formic acid
WARN	duplicate_scoped_synonym	formic acid	has_related_synonym	FORMIC ACID
WARN	duplicate_scoped_synonym	formic acid	has_related_synonym	Formic acid
WARN	duplicate_scoped_synonym	butyric acid	has exact synonym	BUTANOIC ACID
WARN	duplicate_scoped_synonym	butyric acid	has exact synonym	Butanoic acid
WARN	duplicate_scoped_synonym	butyric acid	has_related_synonym	BUTANOIC ACID
WARN	duplicate_scoped_synonym	butyric acid	has_related_synonym	Butanoic acid
WARN	duplicate_scoped_synonym	hexanoic acid	has exact synonym	HEXANOIC ACID
WARN	duplicate_scoped_synonym	hexanoic acid	has exact synonym	Hexanoic acid
WARN	duplicate_scoped_synonym	hexanoic acid	has_related_synonym	HEXANOIC ACID
WARN	duplicate_scoped_synonym	hexanoic acid	has_related_synonym	Hexanoic acid
WARN	duplicate_scoped_synonym	amide	has exact synonym	Amide
WARN	duplicate_scoped_synonym	amide	has_related_synonym	Amide
WARN	duplicate_scoped_synonym	diethyl ether	has exact synonym	Ether
WARN	duplicate_scoped_synonym	diethyl ether	has_related_synonym	Ether
WARN	duplicate_scoped_synonym	xenobiotic	has exact synonym	Xenobiotic
WARN	duplicate_scoped_synonym	xenobiotic	has_related_synonym	Xenobiotic
WARN	duplicate_scoped_synonym	cation	has exact synonym	Cation
WARN	duplicate_scoped_synonym	cation	has_related_synonym	Cation
WARN	duplicate_scoped_synonym	glucan	has exact synonym	Glucan
WARN	duplicate_scoped_synonym	glucan	has_related_synonym	Glucan
WARN	duplicate_scoped_synonym	acid	has exact synonym	Acid
WARN	duplicate_scoped_synonym	acid	has_related_synonym	Acid
WARN	duplicate_scoped_synonym	hydroxyurea	has exact synonym	N-HYDROXYUREA
WARN	duplicate_scoped_synonym	hydroxyurea	has_related_synonym	N-HYDROXYUREA
WARN	duplicate_scoped_synonym	5-fluorouracil	has exact synonym	5-Fluorouracil
WARN	duplicate_scoped_synonym	5-fluorouracil	has_related_synonym	5-Fluorouracil
WARN	duplicate_scoped_synonym	D-ribofuranose	has exact synonym	D-Ribose
WARN	duplicate_scoped_synonym	D-ribofuranose	has_related_synonym	D-Ribose
WARN	duplicate_scoped_synonym	hydrogen bromide	has exact synonym	hydrogen bromide
WARN	duplicate_scoped_synonym	hydrogen bromide	has_related_synonym	hydrogen bromide
WARN	duplicate_scoped_synonym	sulfurous acid	has exact synonym	Sulfite
WARN	duplicate_scoped_synonym	sulfurous acid	has_related_synonym	Sulfite
WARN	missing_definition	entity	definition	
WARN	missing_definition	disposition	definition	
WARN	missing_definition	quality	definition	
WARN	missing_definition	generically dependent continuant	definition	
WARN	missing_definition	function	definition	
WARN	missing_definition	carbamate	definition	
WARN	missing_definition	bromide	definition	
WARN	missing_definition	iodide	definition	
WARN	missing_definition	D-alpha-amino acid	definition	
WARN	missing_definition	fluoride	definition	
WARN	missing_definition	primary aliphatic amine	definition	
WARN	missing_definition	hydrogensulfite	definition	
WARN	missing_definition	nucleoside 5'-triphoshate	definition	
WARN	missing_definition	ribonucleoside triphosphate	definition	
WARN	missing_definition	hydrogen halide	definition	
WARN	missing_definition	manganese atom	definition	
WARN	missing_definition	11alpha-hydroxy steroid	definition	
WARN	missing_definition	3',5'-cyclic purine nucleotide	definition	
WARN	missing_definition	adenosine phosphate	definition	
WARN	missing_definition	alkaline earth metal atom	definition	
WARN	missing_definition	alkali metal atom	definition	
WARN	missing_definition	aliphatic sulfide	definition	
WARN	missing_definition	arsenic molecular entity	definition	
WARN	missing_definition	benzopyrrole	definition	
WARN	missing_definition	bromine atom	definition	
WARN	missing_definition	bromine molecular entity	definition	
WARN	missing_definition	cadmium atom	definition	
WARN	missing_definition	calcium atom	definition	
WARN	missing_definition	calcium molecular entity	definition	
WARN	missing_definition	carbon oxide	definition	
WARN	missing_definition	carbonyl group	definition	
WARN	missing_definition	chloride salt	definition	
WARN	missing_definition	chlorine atom	definition	
WARN	missing_definition	cephaeline(2+)	definition	
WARN	missing_definition	copper molecular entity	definition	
WARN	missing_definition	pseudohalogen oxoacid	definition	
WARN	missing_definition	cyclic nucleotide	definition	
WARN	missing_definition	cyclic peptide	definition	
WARN	missing_definition	({[(2R,3S,4R,5R)-3,4-dihydroxy-5-(9H-purin-9-yl)oxolan-2-yl]methyl phosphonato}oxy)(phosphonatooxy)phosphinate	definition	
WARN	missing_definition	monoatomic anion	definition	
WARN	missing_definition	monoatomic cation	definition	
WARN	missing_definition	ethanolamines	definition	
WARN	missing_definition	fluorine atom	definition	
WARN	missing_definition	fluorine molecular entity	definition	
WARN	missing_definition	glycogens	definition	
WARN	missing_definition	halogen molecular entity	definition	
WARN	missing_definition	halogen	definition	
WARN	missing_definition	imide	definition	
WARN	missing_definition	inorganic anion	definition	
WARN	missing_definition	inorganic oxide	definition	
WARN	missing_definition	inorganic salt	definition	
WARN	missing_definition	iodide salt	definition	
WARN	missing_definition	iodine molecular entity	definition	
WARN	missing_definition	monoatomic ion	definition	
WARN	missing_definition	organic salt	definition	
WARN	missing_definition	iron molecular entity	definition	
WARN	missing_definition	lead atom	definition	
WARN	missing_definition	magnesium atom	definition	
WARN	missing_definition	mercury atom	definition	
WARN	missing_definition	metal cation	definition	
WARN	missing_definition	metalloporphyrin	definition	
WARN	missing_definition	methylxanthine	definition	
WARN	missing_definition	monoatomic monocation	definition	
WARN	missing_definition	nitrogen atom	definition	
WARN	missing_definition	nonmetal atom	definition	
WARN	missing_definition	organic heteromonocyclic compound	definition	
WARN	missing_definition	organic ion	definition	
WARN	missing_definition	organic phosphate	definition	
WARN	missing_definition	oxygen atom	definition	
WARN	missing_definition	oxygen molecular entity	definition	
WARN	missing_definition	oxopurine	definition	
WARN	missing_definition	aldopentose phosphate	definition	
WARN	missing_definition	phosphatidylinositol monophosphate	definition	
WARN	missing_definition	phosphoric acid derivative	definition	
WARN	missing_definition	phosphorus molecular entity	definition	
WARN	missing_definition	piperazines	definition	
WARN	missing_definition	piperidines	definition	
WARN	missing_definition	potassium atom	definition	
WARN	missing_definition	purine alkaloid	definition	
WARN	missing_definition	purine nucleoside triphosphate	definition	
WARN	missing_definition	purine nucleoside	definition	
WARN	missing_definition	purine ribonucleoside triphosphate	definition	
WARN	missing_definition	pyridine alkaloid	definition	
WARN	missing_definition	pyrrolidine alkaloid	definition	
WARN	missing_definition	quinoline alkaloid	definition	
WARN	missing_definition	rhamnoside	definition	
WARN	missing_definition	ribonucleotide	definition	
WARN	missing_definition	ribose phosphate	definition	
WARN	missing_definition	sodium atom	definition	
WARN	missing_definition	sodium molecular entity	definition	
WARN	missing_definition	steroid lactone	definition	
WARN	missing_definition	carbohydrate phosphate	definition	
WARN	missing_definition	sulfonium compound	definition	
WARN	missing_definition	sulfur atom	definition	
WARN	missing_definition	sulfur-containing amino acid	definition	
WARN	missing_definition	sulfur molecular entity	definition	
WARN	missing_definition	tetrahydropyridine	definition	
WARN	missing_definition	thioacetic acid	definition	
WARN	missing_definition	trimethylxanthine	definition	
WARN	missing_definition	organic heterobicyclic compound	definition	
WARN	missing_definition	zinc atom	definition	
WARN	missing_definition	zinc molecular entity	definition	
WARN	missing_definition	arsenic atom	definition	
WARN	missing_definition	carbon atom	definition	
WARN	missing_definition	3',5'-cyclic dGMP	definition	
WARN	missing_definition	alpha-L-rhamnoside	definition	
WARN	missing_definition	cyanic acid	definition	
WARN	missing_definition	phosphorus atom	definition	
WARN	missing_definition	copper atom	definition	
WARN	missing_definition	carbonic acid	definition	
WARN	missing_definition	mononucleotide	definition	
WARN	missing_definition	calcium(2+)	definition	
WARN	missing_definition	hydrogenperoxide(1-)	definition	
WARN	missing_definition	cyanate	definition	
WARN	missing_definition	sulfonic acid	definition	
WARN	missing_definition	hypochlorite	definition	
WARN	missing_definition	azanide	definition	
WARN	missing_definition	methanediide	definition	
WARN	missing_definition	peroxy group	definition	
WARN	missing_definition	methanide	definition	
WARN	missing_definition	avermectin B1a	definition	
WARN	missing_definition	avermectin B1b	definition	
WARN	missing_definition	thiol group	definition	
WARN	missing_definition	hydrosulfide	definition	
WARN	missing_definition	sulfo group	definition	
WARN	missing_definition	copper(0)	definition	
WARN	missing_definition	lithium atom	definition	
WARN	missing_definition	zinc(0)	definition	
WARN	missing_definition	thioacetate	definition	
WARN	missing_definition	monoatomic dication	definition	
WARN	missing_definition	sulfonium	definition	
WARN	missing_definition	silver atom	definition	
WARN	missing_definition	antimony atom	definition	
WARN	missing_definition	cysteinate(2-)	definition	
WARN	missing_definition	cysteinium	definition	
WARN	missing_definition	sodium acetate	definition	
WARN	missing_definition	oxoacid derivative	definition	
WARN	missing_definition	inorganic hydride	definition	
WARN	missing_definition	molecular messenger	definition	
WARN	missing_definition	carbon group element atom	definition	
WARN	missing_definition	zinc group element atom	definition	
WARN	missing_definition	manganese group element atom	definition	
WARN	missing_definition	iron group element atom	definition	
WARN	missing_definition	cobalt group element atom	definition	
WARN	missing_definition	nickel group element atom	definition	
WARN	missing_definition	copper group element atom	definition	
WARN	missing_definition	sulfur oxoacid	definition	
WARN	missing_definition	pnictogen oxoacid	definition	
WARN	missing_definition	sulfur oxoacid derivative	definition	
WARN	missing_definition	halogen oxoacid	definition	
WARN	missing_definition	chlorine oxoacid	definition	
WARN	missing_definition	monoatomic monoanion	definition	
WARN	missing_definition	elemental chlorine	definition	
WARN	missing_definition	monoatomic chlorine	definition	
WARN	missing_definition	monoatomic halogen	definition	
WARN	missing_definition	elemental halogen	definition	
WARN	missing_definition	chlorine oxoanion	definition	
WARN	missing_definition	halogen oxoanion	definition	
WARN	missing_definition	pnictogen oxoanion	definition	
WARN	missing_definition	phosphorus oxoanion	definition	
WARN	missing_definition	sulfur oxoanion	definition	
WARN	missing_definition	chalcogen oxoacid	definition	
WARN	missing_definition	chalcogen oxoanion	definition	
WARN	missing_definition	alkali metal cation	definition	
WARN	missing_definition	alkaline earth cation	definition	
WARN	missing_definition	sulfur hydride	definition	
WARN	missing_definition	sulfonic acid derivative	definition	
WARN	missing_definition	s-block element atom	definition	
WARN	missing_definition	d-block element atom	definition	
WARN	missing_definition	benzenediols	definition	
WARN	missing_definition	carbon group molecular entity	definition	
WARN	missing_definition	hydrogen molecular entity	definition	
WARN	missing_definition	polycyclic compound	definition	
WARN	missing_definition	organic aromatic compound	definition	
WARN	missing_definition	monocyclic compound	definition	
WARN	missing_definition	cyclic hydrocarbon	definition	
WARN	missing_definition	polycyclic hydrocarbon	definition	
WARN	missing_definition	heteromonocyclic compound	definition	
WARN	missing_definition	zinc group molecular entity	definition	
WARN	missing_definition	oxygen hydride	definition	
WARN	missing_definition	information biomacromolecule	definition	
WARN	missing_definition	amino-acid cation	definition	
WARN	missing_definition	alpha-amino-acid cation	definition	
WARN	missing_definition	iron group molecular entity	definition	
WARN	missing_definition	copper group molecular entity	definition	
WARN	missing_definition	canonical nucleoside residue	definition	
WARN	missing_definition	canonical ribonucleoside residue	definition	
WARN	missing_definition	benzenoid aromatic compound	definition	
WARN	missing_definition	transition element coordination entity	definition	
WARN	missing_definition	iron coordination entity	definition	
WARN	missing_definition	metallotetrapyrrole	definition	
WARN	missing_definition	halide salt	definition	
WARN	missing_definition	silver molecular entity	definition	
WARN	missing_definition	elemental silver	definition	
WARN	missing_definition	nitrogen hydride	definition	
WARN	missing_definition	aldose phosphate	definition	
WARN	missing_definition	elemental calcium	definition	
WARN	missing_definition	L-cysteine zwitterion	definition	
WARN	missing_definition	D-cysteine zwitterion	definition	
WARN	missing_definition	cysteine zwitterion	definition	
WARN	missing_definition	homopolycyclic compound	definition	
WARN	missing_definition	ortho- and peri-fused polycyclic arene	definition	
WARN	missing_definition	deoxy hexoside	definition	
WARN	missing_definition	hydroxy steroid	definition	
WARN	missing_definition	thiocarboxylic acid anion	definition	
WARN	missing_definition	alkali metal salt	definition	
WARN	missing_definition	alkaloid fundamental parent	definition	
WARN	missing_definition	natural product fundamental parent	definition	
WARN	missing_definition	bipyridine	definition	
WARN	missing_definition	heterocyclic organic fundamental parent	definition	
WARN	missing_definition	mancude organic heteromonocyclic parent	definition	
WARN	missing_definition	mancude organic heterobicyclic parent	definition	
WARN	missing_definition	mancude organic heterocyclic parent	definition	
WARN	missing_definition	organic mancude parent	definition	
WARN	missing_definition	carbon oxoacid	definition	
WARN	missing_definition	terpenoid fundamental parent	definition	
WARN	missing_definition	arsenic oxoanion	definition	
WARN	missing_definition	imidazopyrimidine	definition	
WARN	missing_definition	pnictogen hydride	definition	
WARN	missing_definition	inorganic chloride	definition	
WARN	missing_definition	cyclic tetrapyrrole	definition	
WARN	missing_definition	phosphorus oxoacid derivative	definition	
WARN	missing_definition	phosphorus oxoacids and derivatives	definition	
WARN	missing_definition	emetan	definition	
WARN	missing_definition	mancude organic heterotricyclic parent	definition	
WARN	missing_definition	heterotricyclic compound	definition	
WARN	missing_definition	pseudohalide anion	definition	
WARN	missing_definition	polyatomic monoanion	definition	
WARN	missing_definition	monoanion	definition	
WARN	missing_definition	11-hydroxy steroid	definition	
WARN	missing_definition	5-hydroxy steroid	definition	
WARN	missing_definition	14-hydroxy steroid	definition	
WARN	missing_definition	elemental fluorine	definition	
WARN	missing_definition	elemental iodine	definition	
WARN	missing_definition	elemental bromine	definition	
WARN	missing_definition	monoatomic fluorine	definition	
WARN	missing_definition	monoatomic bromine	definition	
WARN	missing_definition	monoatomic iodine	definition	
WARN	missing_definition	chalcogen hydride	definition	
WARN	missing_definition	inorganic ion	definition	
WARN	missing_definition	inorganic cation	definition	
WARN	missing_definition	antimony molecular entity	definition	
WARN	missing_definition	antimony oxoacid	definition	
WARN	missing_definition	antimony oxoanion	definition	
WARN	missing_definition	chalcocarbonic acid	definition	
WARN	missing_definition	cyclic purine nucleotide	definition	
WARN	missing_definition	ribonucleoside 5'-phosphate	definition	
WARN	missing_definition	amino-acid anion	definition	
WARN	missing_definition	purine ribonucleoside 5'-triphosphate	definition	
WARN	missing_definition	ribonucleoside 5'-triphosphate	definition	
WARN	missing_definition	adenosine 5'-phosphate	definition	
WARN	missing_definition	organic hydride	definition	
WARN	missing_definition	mononuclear parent hydride	definition	
WARN	missing_definition	elemental sodium	definition	
WARN	missing_definition	elemental zinc	definition	
WARN	missing_definition	elemental copper	definition	
WARN	missing_definition	tigliane	definition	
WARN	missing_definition	phosphoric ester	definition	
WARN	missing_definition	halogen oxide	definition	
WARN	missing_definition	chlorine oxide	definition	
WARN	missing_definition	organosulfur heterocyclic compound	definition	
WARN	missing_definition	organic heteropolycyclic compound	definition	
WARN	missing_definition	monocyclic heteroarene	definition	
WARN	missing_definition	polycyclic heteroarene	definition	
WARN	missing_definition	5beta-hydroxy steroid	definition	
WARN	missing_definition	hydrocarbyl anion	definition	
WARN	missing_definition	pyrrolidinone	definition	
WARN	missing_definition	pyrazines	definition	
WARN	missing_definition	oxazolidines	definition	
WARN	missing_definition	trans-pent-2-enoic acid	definition	
WARN	missing_definition	isoquinoline alkaloid fundamental parent	definition	
WARN	missing_definition	1-(methylsulfanyl)acetaldoxime	definition	
WARN	missing_definition	aminoalkylindole	definition	
WARN	missing_definition	organic sodium salt	definition	
WARN	missing_definition	inorganic sodium salt	definition	
WARN	missing_definition	ryanodine receptor modulator	definition	
WARN	missing_definition	tetrafluoromethane	definition	
WARN	missing_definition	inhalation anaesthetic	definition	
WARN	missing_definition	dibenzothiepine	definition	
WARN	missing_definition	calcium cation	definition	
WARN	missing_definition	calcium ion	definition	
WARN	missing_definition	antibiotic insecticide	definition	
WARN	missing_definition	macrolide insecticide	definition	
WARN	missing_definition	avermectin insecticide	definition	
WARN	missing_definition	antibiotic pesticide	definition	
WARN	missing_definition	antibiotic acaricide	definition	
WARN	missing_definition	antibiotic nematicide	definition	
WARN	missing_definition	macrolide acaricide	definition	
WARN	missing_definition	avermectin acaricide	definition	
WARN	missing_definition	avermectin pesticide	definition	
WARN	missing_definition	macrolide pesticide	definition	
WARN	missing_definition	cyclic ketone	definition	
WARN	missing_definition	fluoroform	definition	
WARN	missing_definition	carbonate	definition	
WARN	missing_definition	formyl group	definition	
WARN	missing_definition	1,1-dimethyl-4-phenylpiperazinium iodide	definition	
WARN	missing_definition	hydroxy group	definition	
WARN	missing_definition	(4S)-4-hydroxy-3,4-dihydropyrimidin-2(1H)-one	definition	
WARN	missing_definition	oxo group	definition	
WARN	missing_definition	N-alkylpyrrolidine	definition	
WARN	missing_definition	ethanethioic O-acid	definition	
WARN	missing_definition	N-alkylpiperazine	definition	
WARN	missing_definition	N-arylpiperazine	definition	
WARN	missing_definition	piperazinium salt	definition	
WARN	missing_definition	organoammonium salt	definition	
WARN	missing_definition	carboxy group	definition	
WARN	missing_definition	tetrahydrofuranol	definition	
WARN	missing_definition	dihydroxytetrahydrofuran	definition	
WARN	missing_definition	ammonium salt	definition	
WARN	missing_definition	dibenzoazepine	definition	
WARN	missing_definition	ureas	definition	
WARN	missing_definition	cyclic polypyrrole	definition	
WARN	missing_definition	sulfur oxide	definition	
WARN	missing_definition	serotonergic drug	definition	
WARN	missing_definition	non-polar solvent	definition	
WARN	missing_definition	aprotic solvent	definition	
WARN	missing_definition	carbamimidic acid	definition	
WARN	missing_definition	carboximidic acid	definition	
WARN	missing_definition	sulfurous acid	definition	
WARN	missing_definition	imidazothiazole	definition	
WARN	missing_definition	substituted aniline	definition	
WARN	missing_definition	hydrogen atom	definition	
WARN	missing_definition	antimonous acid	definition	
WARN	missing_definition	antimony coordination entity	definition	
WARN	missing_definition	trifluoromethyl group	definition	
WARN	missing_definition	canonical nucleotide residue	definition	
WARN	missing_definition	canonical ribonucleotide residue	definition	
WARN	missing_definition	onium compound	definition	
WARN	missing_definition	fluoronium	definition	
WARN	missing_definition	chloronium	definition	
WARN	missing_definition	bromonium	definition	
WARN	missing_definition	iodonium	definition	
WARN	missing_definition	nucleotide residue	definition	
WARN	missing_definition	nucleoside residue	definition	
WARN	missing_definition	sulfanylmethyl group	definition	
WARN	missing_definition	4-aminobutyl group	definition	
WARN	missing_definition	organic iodide salt	definition	
WARN	missing_definition	azaarene	definition	
WARN	missing_definition	organic halide salt	definition	
WARN	missing_definition	nitrogen molecular entity	definition	
WARN	missing_definition	S-methyl thioacetate	definition	
WARN	missing_definition	organic divalent group	definition	
WARN	missing_definition	organic univalent group	definition	
WARN	missing_definition	organic polycyclic compound	definition	
WARN	missing_definition	organic tricyclic compound	definition	
WARN	missing_definition	biophysical role	definition	
WARN	missing_definition	quinolinium ion	definition	
WARN	missing_definition	isoflurane	definition	
WARN	missing_definition	sheath cell	definition	
WARN	missing_definition	semi-fertile	definition	
WARN	missing_definition	magnitude	definition	
WARN	missing_definition	increased magnitude	definition	
WARN	missing_definition	physical quality of a process	definition	
WARN	missing_definition	has component activity	definition	
WARN	missing_definition	directly regulated by	definition	
WARN	missing_definition	ends after	definition	
WARN	missing_definition	immediately preceded by	definition	
WARN	missing_definition	immediately precedes	definition	
WARN	missing_definition	happens during	definition	
WARN	missing_definition	ends during	definition	
WARN	missing_definition	temporally related to	definition	
WARN	missing_definition	immediately causally downstream of	definition	
WARN	missing_definition	phosphorylates	definition	
WARN	missing_definition	helper property (not for use in curation)	definition	
WARN	missing_definition	is kinase activity	definition	
WARN	missing_definition	depends on	definition	
WARN	missing_definition	causal relation between entities	definition	
WARN	missing_definition	causally influenced by	definition	
WARN	missing_definition	interaction relation helper property	definition	
WARN	missing_definition	molecular interaction relation helper property	definition	
WARN	missing_definition	acts upstream of or within, positive effect	definition	
WARN	missing_definition	acts upstream of or within, negative effect	definition	
WARN	missing_definition	causally upstream of or within, negative effect	definition	
WARN	missing_definition	causally upstream of or within, positive effect	definition	
WARN	missing_definition	is conjugate base of	definition	
WARN	missing_definition	is conjugate acid of	definition	
WARN	missing_definition	is tautomer of	definition	
WARN	missing_definition	is substituent group from	definition	
WARN	missing_definition	has functional parent	definition	
WARN	missing_definition	is enantiomer of	definition	
WARN	missing_definition	has parent hydride	definition	
WARN	missing_definition	copulatory spicule	definition	
WARN	missing_definition	pharyngeal cell	definition	
WARN	missing_definition	outer labial sensillum	definition	
WARN	missing_definition	excretory system	definition	
WARN	missing_definition	reproductive tract	definition	
WARN	missing_definition	reproductive system	definition	
WARN	missing_definition	alimentary system	definition	
WARN	missing_definition	coelomic system	definition	
WARN	missing_definition	basal lamina	definition	
WARN	missing_definition	smooth muscle	definition	
WARN	missing_definition	muscle of the reproductive system	definition	
WARN	missing_definition	pharyngeal segment	definition	
WARN	missing_definition	deirid sensillum	definition	
WARN	missing_definition	subset_property	definition	
WARN	missing_definition	consider	definition	
WARN	missing_definition	has_alternative_id	definition	
WARN	missing_definition	has_obo_format_version	definition	
WARN	missing_definition	has_obo_namespace	definition	
WARN	missing_definition	id	definition	
WARN	missing_definition	in_subset	definition	
INFO	lowercase_definition	independent continuant	definition	b is an independent continuant = Def. b is a continuant which is such that there is no c and no t such that b s-depends_on c at t. (axiom label in BFO2 Reference: [017-002])@en
INFO	lowercase_definition	process	definition	p is a process = Def. p is an occurrent that has temporal proper parts and for some time t, p s-depends_on some material entity at t. (axiom label in BFO2 Reference: [083-003])@en
INFO	lowercase_definition	specifically dependent continuant	definition	b is a specifically dependent continuant = Def. b is a continuant & there is some independent continuant c which is not a spatial region and which is such that b s-depends_on c at every time t during the course of b’s existence. (axiom label in BFO2 Reference: [050-003])@en
INFO	lowercase_definition	part of	definition	a core relation that holds between a part and its whole@en
INFO	lowercase_definition	has part	definition	a core relation that holds between a whole and its part@en
INFO	lowercase_definition	preceded_by	definition	x is preceded by y if and only if the time point at which y ends is before or equivalent to the time point at which x starts. Formally: x preceded by y iff ω(y) <= α(x), where α is a function that maps a process to a start point, and ω is a function that maps a process to an end point.@en
INFO	lowercase_definition	precedes	definition	x precedes y if and only if the time point at which x ends is before or equivalent to the time point at which y starts. Formally: x precedes y iff ω(x) <= α(y), where α is a function that maps a process to a start point, and ω is a function that maps a process to an end point.@en
INFO	lowercase_definition	occurs in	definition	b occurs_in c =def b is a process and c is a material entity or immaterial entity& there exists a spatiotemporal region r and b occupies_spatiotemporal_region r.& forall(t) if b exists_at t then c exists_at t & there exist spatial regions s and s’ where & b spatially_projects_onto s at t& c is occupies_spatial_region s’ at t& s is a proper_continuant_part_of s’ at t@en
INFO	lowercase_definition	contains process	definition	[copied from inverse property 'occurs in'] b occurs_in c =def b is a process and c is a material entity or immaterial entity& there exists a spatiotemporal region r and b occupies_spatiotemporal_region r.& forall(t) if b exists_at t then c exists_at t & there exist spatial regions s and s’ where & b spatially_projects_onto s at t& c is occupies_spatial_region s’ at t& s is a proper_continuant_part_of s’ at t@en
INFO	lowercase_definition	lipid	definition	'Lipids' is a loosely defined term for substances of biological origin that are soluble in nonpolar solvents. They consist of saponifiable lipids, such as glycerides (fats and oils) and phospholipids, as well as nonsaponifiable lipids, principally steroids.
INFO	lowercase_definition	additive	definition	a role for a chemical additive to a mixture
INFO	lowercase_definition	characteristic of	definition	a relation between a specifically dependent continuant (the characteristic) and any other entity (the bearer), in which the characteristic depends on the bearer for its existence.@en
INFO	lowercase_definition	participates in	definition	a relation between a continuant and a process, in which the continuant is somehow involved in the process@en
INFO	lowercase_definition	has participant	definition	a relation between a process and a continuant, in which the continuant is somehow involved in the process@en
INFO	lowercase_definition	function of	definition	a relation between a function and an independent continuant (the bearer), in which the function specifically depends on the bearer for its existence@en
INFO	lowercase_definition	quality of	definition	a relation between a quality and an independent continuant (the bearer), in which the quality specifically depends on the bearer for its existence@en
INFO	lowercase_definition	role of	definition	a relation between a role and an independent continuant (the bearer), in which the role specifically depends on the bearer for its existence@en
INFO	lowercase_definition	has function	definition	a relation between an independent continuant (the bearer) and a function, in which the function specifically depends on the bearer for its existence@en
INFO	lowercase_definition	has quality	definition	a relation between an independent continuant (the bearer) and a quality, in which the quality specifically depends on the bearer for its existence@en
INFO	lowercase_definition	has role	definition	a relation between an independent continuant (the bearer) and a role, in which the role specifically depends on the bearer for its existence@en
INFO	lowercase_definition	has disposition	definition	a relation between an independent continuant (the bearer) and a disposition, in which the disposition specifically depends on the bearer for its existence@en
INFO	lowercase_definition	disposition of	definition	inverse of has disposition
INFO	lowercase_definition	has component process	definition	w 'has process component' p if p and w are processes,  w 'has part' p and w is such that it can be directly disassembled into into n parts p, p2, p3, ..., pn, where these parts are of similar type.
INFO	lowercase_definition	overlaps	definition	x overlaps y if and only if there exists some z such that x has part z and z part of y
INFO	lowercase_definition	has component	definition	w 'has component' p if w 'has part' p and w is such that it can be directly disassembled into into n parts p, p2, p3, ..., pn, where these parts are of similar type.
INFO	lowercase_definition	develops from	definition	x develops from y if and only if either (a) x directly develops from y or (b) there exists some z such that x directly develops from z and z develops from y
INFO	lowercase_definition	develops into	definition	inverse of develops from
INFO	lowercase_definition	regulates	definition	p regulates q iff p is causally upstream of q, the execution of p is not constant and varies according to specific conditions, and p influences the rate or magnitude of execution of q due to an effect either on some enabler of q or some enabler of a part of q.
INFO	lowercase_definition	negatively regulates	definition	p negatively regulates q iff p regulates q, and p decreases the rate or magnitude of execution of q.
INFO	lowercase_definition	positively regulates	definition	p positively regulates q iff p regulates q, and p increases the rate or magnitude of execution of q.
INFO	lowercase_definition	capable of part of	definition	c stands in this relationship to p if and only if there exists some p' such that c is capable_of p', and p' is part_of p.
INFO	lowercase_definition	has input	definition	p has input c iff: p is a process, c is a material entity, c is a participant in p, c is present at the start of p, and the state of c is modified during p.
INFO	lowercase_definition	has developmental contribution from	definition	x has developmental contribution from y iff x has some part z such that z develops from y@en
INFO	lowercase_definition	developmentally contributes to	definition	inverse of has developmental contribution from
INFO	lowercase_definition	acts upstream of	definition	c acts upstream of p if and only if c enables some f that is involved in p' and p' occurs chronologically before p, is not part of p, and affects the execution of p. c is a material entity and f, p, p' are processes.
INFO	lowercase_definition	acts upstream of or within	definition	c acts upstream of or within p if c is enables f, and f is causally upstream of or within p. c is a material entity and p is an process.
INFO	lowercase_definition	results in developmental progression of	definition	p results in the developmental progression of s iff p is a developmental process and s is an anatomical entity and p causes s to undergo a change in state at some point along its natural developmental cycle (this cycle starts with its formation, through the mature structure, and ends with its loss).
INFO	lowercase_definition	causally upstream of, positive effect	definition	p is causally upstream of, positive effect q iff p is casually upstream of q, and the execution of p is required for the execution of q.
INFO	lowercase_definition	causally upstream of, negative effect	definition	p is causally upstream of, negative effect q iff p is casually upstream of q, and the execution of p decreases the execution of q.
INFO	lowercase_definition	characteristic of part of	definition	q characteristic of part of w if and only if there exists some p such that q inheres in p and p part of w.
INFO	lowercase_definition	enables	definition	c enables p iff c is capable of p and c acts to execute p.
INFO	lowercase_definition	part of structure that is capable of	definition	this relation holds between c and p when c is part of some c', and c' is capable of p.
INFO	lowercase_definition	involved in	definition	c involved_in p if and only if c enables some process p', and p' is part of p
INFO	lowercase_definition	enabled by	definition	inverse of enables
INFO	lowercase_definition	regulated by	definition	inverse of regulates
INFO	lowercase_definition	negatively regulated by	definition	inverse of negatively regulates
INFO	lowercase_definition	positively regulated by	definition	inverse of positively regulates
INFO	lowercase_definition	input of	definition	inverse of has input
INFO	lowercase_definition	has developmental potential involving	definition	x has developmental potential involving y iff x is capable of a developmental process with output y. y may be the successor of x, or may be a different structure in the vicinity (as for example in the case of developmental induction).@en
INFO	lowercase_definition	has potential to developmentally contribute to	definition	x has potential to developmentrally contribute to y iff x developmentally contributes to y or x is capable of developmentally contributing to y@en
INFO	lowercase_definition	has potential to develop into	definition	x has the potential to develop into y iff x develops into y or if x is capable of developing into y@en
INFO	lowercase_definition	has potential to directly develop into	definition	x has potential to directly develop into y iff x directly develops into y or x is capable of directly developing into y@en
INFO	lowercase_definition	causally downstream of	definition	inverse of upstream of
INFO	lowercase_definition	indirectly positively regulates	definition	p indirectly positively regulates q iff p is indirectly causally upstream of q and p positively regulates q.
INFO	lowercase_definition	indirectly negatively regulates	definition	p indirectly negatively regulates q iff p is indirectly causally upstream of q and p negatively regulates q.
INFO	lowercase_definition	causally related to	definition	relation that links two events, processes, states, or objects such that one event, process, state, or object (a cause) contributes to the production of another event, process, state, or object (an effect) where the cause is partly or wholly responsible for the effect, and the effect is partly or wholly dependent on the cause.
INFO	lowercase_definition	causally upstream of	definition	p is causally upstream of q iff p is causally related to q, the end of p precedes the end of q, and p is not an occurrent part of q.
INFO	lowercase_definition	immediately causally upstream of	definition	p is immediately causally upstream of q iff p is causally upstream of q, and the end of p is coincident with the beginning of q.
INFO	lowercase_definition	causally upstream of or within	definition	p is 'causally upstream or within' q iff p is causally related to q, and the end of p precedes, or is coincident with, the end of q.
INFO	lowercase_definition	causally downstream of or within	definition	inverse of causally upstream of or within
INFO	lowercase_definition	involved in regulation of	definition	c involved in regulation of p if c is involved in some p' and p' regulates some p
INFO	lowercase_definition	involved in positive regulation of	definition	c involved in regulation of p if c is involved in some p' and p' positively regulates some p
INFO	lowercase_definition	involved in negative regulation of	definition	c involved in regulation of p if c is involved in some p' and p' negatively regulates some p
INFO	lowercase_definition	involved in or involved in regulation of	definition	c involved in or regulates p if and only if either (i) c is involved in p or (ii) c is involved in regulation of p
INFO	lowercase_definition	is active in	definition	c executes activity in d if and only if c enables p and p occurs_in d.  Assuming no action at a distance by gene products, if a gene product enables (is capable of) a process that occurs in some structure, it must have at least some part in that structure.
INFO	lowercase_definition	has part that occurs in	definition	p has part that occurs in c if and only if there exists some p1, such that p has_part p1, and p1 occurs in c.
INFO	lowercase_definition	causal relation between processes	definition	p is causally related to q if and only if p or any part of p and q or any part of q are linked by a chain of events where each event pair is one where the execution of p influences the execution of q. p may be upstream, downstream, part of, or a container of q.
INFO	lowercase_definition	towards	definition	q towards e2 if and only if q is a relational quality such that q inheres-in some e, and e != e2 and q is dependent on e2
INFO	lowercase_definition	directly regulates	definition	p directly regulates q iff p is immediately causally upstream of q and p regulates q.
INFO	lowercase_definition	has part structure that is capable of	definition	s 'has part structure that is capable of' p if and only if there exists some part x such that s 'has part' x and x 'capable of' p
INFO	lowercase_definition	directly positively regulates	definition	p directly positively regulates q iff p is immediately causally upstream of q, and p positively regulates q.
INFO	lowercase_definition	directly negatively regulates	definition	p directly negatively regulates q iff p is immediately causally upstream of q, and p negatively regulates q.
INFO	lowercase_definition	acts upstream of, positive effect	definition	c 'acts upstream of, positive effect' p if c is enables f, and f is causally upstream of p, and the direction of f is positive
INFO	lowercase_definition	acts upstream of, negative effect	definition	c 'acts upstream of, negative effect' p if c is enables f, and f is causally upstream of p, and the direction of f is negative
INFO	lowercase_definition	indirectly causally upstream of	definition	p is indirectly causally upstream of q iff p is causally upstream of q and there exists some process r such that p is causally upstream of r and r is causally upstream of q.
INFO	lowercase_definition	indirectly regulates	definition	p indirectly regulates q iff p is indirectly causally upstream of q and p regulates q.
INFO	lowercase_definition	Lineage	definition	pedigree of nuclei, lineal descent from P0, the founder.
INFO	lowercase_definition	epithelial cell	definition	cell of epithelium, the layer of cells that cover the external surface of an organism as well as forming an inner lining between the tissues and organs of that organism and the external environment. In C. elegans epithelial cells include epithelium of the alimentary tract, intestinal cells, hypodermis, interfacial cells and somatic gonad cells.
INFO	lowercase_definition	marginal cell	definition	a type of pharyngeal cell that connects basement membrane to the apices of triangle-shaped pharyngeal lumen.
INFO	lowercase_definition	pharynx	definition	the feeding organ, a neuro-muscular pump in the head of the animal, used to ingest food, bacteria suspended in liquid, filter them out, grind them up and transport posteriorly into the instestine.
INFO	lowercase_definition	metacorpus	definition	posterior segment of pharyngeal corpus.
INFO	lowercase_definition	terminal bulb	definition	the last, posterior bulb of the pharynx.
INFO	lowercase_definition	corpus	definition	the first, anterior bulb of the pharynx.
INFO	lowercase_definition	isthmus	definition	a section of pharynx of which muscles contract with a peristaltic motion.
INFO	lowercase_definition	organ	definition	a collection of cells or cell groups that collectively perform a function
INFO	lowercase_definition	Cell	definition	a cellular object that consists of subcellular components, expresses genes or functions.
INFO	lowercase_definition	anchor cell	definition	anchor cell, induces vulva, part of hermaphrodite gonad.
INFO	lowercase_definition	excretory duct cell	definition	cell that forms the duct of the excretory system.
INFO	lowercase_definition	linker cell	definition	male gonad cell, leads gonad during morphogenesis and initiates union with cloaca
INFO	lowercase_definition	lumbar ganglion left	definition	lumbar ganglion, left side.
INFO	lowercase_definition	labial sensillum	definition	sensillum of inner or outer labial.
INFO	lowercase_definition	inner labial sensillum	definition	sensory organ of the inner labial.
INFO	lowercase_definition	head ganglion	definition	ganglion in the head.
INFO	lowercase_definition	gonad	definition	organ producing either sperm or ova.
INFO	lowercase_definition	GLR	definition	set of six cells that form a thin cylindrical sheet between pharynx and ring neuropile; no chemical synapses, but gap junctions with muscle arms and RME motor neurons, might be glial cells
INFO	lowercase_definition	hermaphrodite gonad	definition	organ in hermaphrodite animal that produces both ova and sperm.
INFO	lowercase_definition	dorso-rectal ganglion	definition	the ganglion that lies above and behind the rectum in the tail, in close continuity with the anal hypodermal ridge. It contains 3 neuron cell bodies (DVA, DVB and DVC) that send their neuronal processes into the ventral nerve cord via dorso-rectal commissures that encircle the anus. The ganglion contains no local neuropil in the hermaphrodite. In the adult male tail, this ganglion gains additional neurons and some local neuropil.
INFO	lowercase_definition	dorsal ganglion	definition	ganglion that lies beside the nerve ring in the head. It contains neuron cell bodies that send their neuronal processes into the ring and longitudinal nerves, but form no local neuropil separate from the nerve ring. The dorsal ganglion is in close contact with the dorsal hypodermal cord.
INFO	lowercase_definition	touch receptor neuron	definition	neurons that sense body touch, have specialized microtubules in processes.
INFO	lowercase_definition	buccal cavity	definition	cuticle-lined lumenal region surrounded by pharyngeal epithelium, situated at the anterior end of pharynx.
INFO	lowercase_definition	ventral ganglion	definition	ganglion lies beside the nerve ring in the head, just anterior of the retrovesicular ganglion. It contains about 20 interneuron and motorneuron cell bodies that all send their neuronal processes into the ring. The cell bodies are divided into two groups by the intrusion of the excretory duct and canal. The cells are bounded by a basal lamina which physically separates them from the lateral ganglion even though they are adjacent to one another.
INFO	lowercase_definition	spermatheca	definition	an accordion-like tube that contains sperm and is the site of oocyte fertilization.
INFO	lowercase_definition	body ganglion	definition	ganglion in the trunk of the body.
INFO	lowercase_definition	uterine muscle	definition	muscle lining of the uterine wall.
INFO	lowercase_definition	anus	definition	openning of the rectum
INFO	lowercase_definition	anterior spermatheca	definition	spermatheca in anterior gonad arm.
INFO	lowercase_definition	anterior ganglion	definition	ganglion anterior to the nerve ring
INFO	lowercase_definition	amphid neuron	definition	neuron of the amphid sensillum
INFO	lowercase_definition	motor neuron	definition	neuron making synapse on an effector (muscle, gland).
INFO	lowercase_definition	phasmid sensillum	definition	bilateral sensory organ in the tail, similar to the amphid in the head.
INFO	lowercase_definition	phasmid left sensillum	definition	the left one in the pair of phasmid sensilla.
INFO	lowercase_definition	preanal ganglion	definition	ganglion anterior to the anus.
INFO	lowercase_definition	pharyngeal muscle cell	definition	type of cells that make up muscle layers in the pharynx.
INFO	lowercase_definition	posterior lateral ganglion	definition	ganglion on the lateral side, in postior portion of the body, associated with posterior deirid.
INFO	lowercase_definition	epithelial system	definition	lies within the body wall, in close relation to nervous system and excretory system.
INFO	lowercase_definition	muscular system	definition	the organ system that allows the animal move, includes all muscles.
INFO	lowercase_definition	body region	definition	region of the body by which tissues, cells or cell parts are classified
INFO	lowercase_definition	head	definition	anterior-most body region containing the pharynx.
INFO	lowercase_definition	midbody	definition	body region posterior to the head and anterior to the tail
INFO	lowercase_definition	tail	definition	posterior region, from rectum to the end
INFO	lowercase_definition	digestive tract	definition	inner tube of two concentric tubes that make up the body
INFO	lowercase_definition	Organ system	definition	intergrated group of organs, performing one or more unified functions.
INFO	lowercase_definition	Sex specific entity	definition	anatomical or cell objects that exist in only one, male or hermaphrodite, sex.
INFO	lowercase_definition	seam cell	definition	a group of hypodermal cells that lie along the apical midline of the hypodermis, at the extreme left and right sides between nose and tail
INFO	lowercase_definition	interfacial epithelial cell	definition	an epithelial cell that serves either to bridge two neighboring epithelial tissues or to form an opening in the epithelium.
INFO	lowercase_definition	cuticle	definition	a rigid external coating which is secreted by the hypodermis, seam and some transitional epithelial cells which covers the outer body, the major openings  into the body cavity from the exterior, and two large sensory bristles, the male spicules.  The cuticle of the spicules, the hook,  and of some portions of the spicule channels is especially rigid and is probably sclerotized.  Similar sclerotic features are occasionally noted in the ventral surface of the male tail fan.
INFO	lowercase_definition	male-specific anatomical entity	definition	cells or anatomical parts specific to the male sex
INFO	lowercase_definition	hermaphrodite-specific anatomical entity	definition	cells or anatomical parts specific to the hermaphrodite sex
INFO	lowercase_definition	sensory neuron	definition	neuron that senses external stimuli and transduce them to signals internal to the organism.
INFO	lowercase_definition	accessory cell	definition	cells that support sensory neurons, similar to glial cells in vertebrates. A category which collectively refers to socket cells, sheath cells, and structural cells, or their processes.  All of these cells extend long processes which serve a supporting role, rather like glia, to form a protective environment around sensory neuron endings.  In addition, some of these cells extend broad thin processes from their somata which wrap around neuronal ganglia, again in a glia-like fashion
INFO	lowercase_definition	Functional system	definition	concerns with functional aspects of cells and anatomical parts
INFO	lowercase_definition	Anatomy	definition	entity of anatomical origin that is either entirely acellular or is a collection of cells and acellular parts.
INFO	lowercase_definition	axis	definition	spatial axis
INFO	lowercase_definition	cloaca	definition	a feature of the male tail, caudal to the proctodeum, where the vas deferens and the intestine open out jointly near the tail tip to discharge their contents.
INFO	lowercase_definition	excretory gland cell	definition	gland cell of the secretory-excretory system, sends processes to ring, opens into excretory duct.
INFO	lowercase_definition	germ line	definition	cell line which early in development becomes differentiated from the remaining somatic cell line, and alone has the potential to undergo meiosis and form gametes.
INFO	lowercase_definition	intestinal cell	definition	any of 20 large epithelial cells which form a tube and are mostly situated as bilaterally symmetric pairs around the tubular lumen. Each of these cell pairs forms an intestinal ring ( II-IX int rings). The most anterior intestinal ring (int ring I), however, is made of four cells. Intestinal cells contain large nuclei with large nucleoli and numerous autofluorescent granules in their cytoplasm.
INFO	lowercase_definition	rectal epithelium	definition	epithelium connecting intestine and anus.
INFO	lowercase_definition	neuronal sheath cell	definition	a structural (glial) cell which forms an specialized environment surrounding the sensory ending(s) of one or more neurons; sometimes accompanied by a more distal socket cell.  In early development of the sensory nerves and of the nerve ring some sheath cells (cephalics and labials) may also provide a substrate for axon guidance
INFO	lowercase_definition	alimentary muscle	definition	muscle of the alimentary organ system.
INFO	lowercase_definition	vulval muscle	definition	muscle associated with hermaphrodite vulva.
INFO	lowercase_definition	gonadal sheath cell	definition	five pairs of thin gonadal sheath cells form a single layer covering the germ line component of each arm, each pair occupying a stereotyped position along the gonad proximal-distal axis.
INFO	lowercase_definition	ventral nerve cord	definition	a large process bundle that runs along the vental mid-line extending from the ventral region of the nerve ring.
INFO	lowercase_definition	chemosensory neuron	definition	neuron that senses soluable chemicals
INFO	lowercase_definition	odorsensory neuron	definition	neuron that senses volatile odorants
INFO	lowercase_definition	vulva	definition	female genital.
INFO	lowercase_definition	nerve ring	definition	the most extensive region of neuropil in the animal, consists of a large toroidal bundle of processes.
INFO	lowercase_definition	dorsal nerve cord	definition	a bundle of nerve processes that runs along the dorsal mid-line of the animal.
INFO	lowercase_definition	amphid sheath cell	definition	sheath cell of amphid sensillum.
INFO	lowercase_definition	head muscle	definition	body wall muscle in the head, including first eight cells of each muscle quadrants which are innervated by nerve ring neurons.
INFO	lowercase_definition	blast cell	definition	precursor cell destined to divide some time after hatching.
INFO	lowercase_definition	uterine-vulval cell	definition	monoucleate interfacial cell between the uterus and vulva (uv1-uv3), four sets total (L/R, A/P)
INFO	lowercase_definition	male gonad	definition	gonad of a male animal, produces sperm.
INFO	lowercase_definition	germ cell	definition	a cell, of either sex, directly concerned in the production of a new organism.
INFO	lowercase_definition	oocyte	definition	a female haploid germ cell.
INFO	lowercase_definition	body wall muscle cell	definition	type of 95 cells that make up muscles of the body wall.
INFO	lowercase_definition	ciliated neuron	definition	neuron type, neurons that have ciliated nerve endings.
INFO	lowercase_definition	serotonergic neuron	definition	neuron that uses serotonin as a vesicular neurotransmitter.
INFO	lowercase_definition	cholinergic neuron	definition	neuron that uses vesicular acetylcholine as a neurotransmitter.
INFO	lowercase_definition	germline precursor cell	definition	member of a set of two cells that generate exclusively sperm and ovum.
INFO	lowercase_definition	distal tip cell	definition	somatic cell that situates at the tip of a gonad arm.
INFO	lowercase_definition	seminal vesicle	definition	part of male gonad that holds mature sperm, made of a total of 12 nuclei.
INFO	lowercase_definition	gubernacular muscle	definition	specialized muscle type in male sex organ.
INFO	lowercase_definition	longitudinal male muscle	definition	specialized muscle type in the posterior of adult male.
INFO	lowercase_definition	cephalic sensillum	definition	sensillum in the head, each with a CEP receptor neuron.
INFO	lowercase_definition	sensillum	definition	sensory organ, consists of sensory neurons and supporting cells.
INFO	lowercase_definition	ray	definition	male sensory organ; nine bilateral pairs of finger-like rays (numbered 1 to 9, Left/Right) radiate from the tail and are embedded in a cuticlar fan.
INFO	lowercase_definition	tail ganglion	definition	ganglion in the tail region (posterior to rectum).
INFO	lowercase_definition	embryonic cell	definition	cell that exists in and is part of an embryo.
INFO	lowercase_definition	post-embryonic cell	definition	a cell that is born in a worm after hatching.
INFO	lowercase_definition	vulval precursor cell	definition	cell that has the potential to form structural part of a vulva.
INFO	lowercase_definition	hermaphrodite somatic gonadal cell	definition	somatic (not germline) cell of the hermaphrodite gonad.
INFO	lowercase_definition	spermathecal cell	definition	cell of the hermaphrodite spermatheca.
INFO	lowercase_definition	hypodermal cell	definition	primary cell type that forms the hypodermis.
INFO	lowercase_definition	syncytium precursor	definition	cell that is mononuclear and has a strong potential to fuse with other cell(s) to form a multinucleated cell.
INFO	lowercase_definition	syncytium	definition	cell that has more than one nucleus.
INFO	lowercase_definition	seminal vesical cell	definition	seminal vesicle cell of male gonad.
INFO	lowercase_definition	male gonadal cell	definition	cell of male gonad.
INFO	lowercase_definition	gon_male_sves Z1 or Z4	definition	seminal vesicle, outer; cell of the pedigree Z1.paapp or Z4.aaapp.
INFO	lowercase_definition	vulval syncytia precursor	definition	precursor cell of, before fusion to form vulval syncytia vulA(4), vulC(4), vulD(2), vulE(4) and vulF(4).
INFO	lowercase_definition	sex organ	definition	anatomical part of the body which is involved in sexual reproduction and constitutes the reproductive system.
INFO	lowercase_definition	male genital	definition	antomical structure of the male involved in sexual reproduction.
INFO	lowercase_definition	mechanosensory neuron	definition	neuron that senses and responds to mechanical stimuli, such as touch.
INFO	lowercase_definition	uterine epithelial cell	definition	cell of the epithelia of uterus.
INFO	missing_superclass	entity	rdfs:subClassOf	
INFO	missing_superclass	chemical entity	rdfs:subClassOf	
INFO	missing_superclass	subatomic particle	rdfs:subClassOf	
INFO	missing_superclass	role	rdfs:subClassOf	
INFO	missing_superclass	cellular_component	rdfs:subClassOf	
INFO	missing_superclass	nematode phenotype	rdfs:subClassOf	
INFO	missing_superclass	C. elegans anatomical entity	rdfs:subClassOf	
INFO	missing_superclass	worm life stage	rdfs:subClassOf	
