?cls	?xref
<http://purl.obolibrary.org/obo/WBbt_0005767>	"WBPaper:00038216"
<http://purl.obolibrary.org/obo/GO_0030421>	"Wikipedia:Defecation"
<http://purl.obolibrary.org/obo/WBbt_0005730>	"WB:rynl"
<http://purl.obolibrary.org/obo/GO_0019722>	"Wikipedia:Calcium_signaling"
<http://purl.obolibrary.org/obo/GO_0031012>	"Wikipedia:Extracellular_matrix"
<http://purl.obolibrary.org/obo/GO_0031012>	"NIF_Subcellular:nlx_subcell_20090513"
<http://purl.obolibrary.org/obo/GO_0007286>	"Wikipedia:Spermiogenesis"
<http://purl.obolibrary.org/obo/WBbt_0005745>	"WBPaper:00038216"
<http://purl.obolibrary.org/obo/WBbt_0005811>	"WBPaper:00038216"
<http://purl.obolibrary.org/obo/GO_0051726>	"Reactome:R-HSA-380972"
<http://purl.obolibrary.org/obo/GO_0051726>	"Reactome:R-HSA-156711"
<http://purl.obolibrary.org/obo/GO_0032154>	"Wikipedia:Cleavage_furrow"
<http://purl.obolibrary.org/obo/GO_0042429>	"Reactome:R-HSA-380612"
<http://purl.obolibrary.org/obo/GO_0018991>	"Wikipedia:Oviposition"
<http://purl.obolibrary.org/obo/WBbt_0005755>	"WBPaper:00038216"
<http://purl.obolibrary.org/obo/GO_0005694>	"Wikipedia:Chromosome"
<http://purl.obolibrary.org/obo/GO_0051301>	"Wikipedia:Cell_division"
<http://purl.obolibrary.org/obo/GO_0007020>	"Wikipedia:Microtubule_nucleation"
<http://purl.obolibrary.org/obo/GO_0033554>	"Reactome:R-HSA-2262752"
<http://purl.obolibrary.org/obo/GO_0005819>	"Wikipedia:Spindle_apparatus"
<http://purl.obolibrary.org/obo/GO_0042420>	"Reactome:R-HSA-379397"
<http://purl.obolibrary.org/obo/GO_0042420>	"Reactome:R-HSA-379398"
<http://purl.obolibrary.org/obo/GO_0051321>	"Wikipedia:Meiosis"
<http://purl.obolibrary.org/obo/GO_0005712>	"Wikipedia:Chiasma_(genetics)"
<http://purl.obolibrary.org/obo/GO_0008306>	"Wikipedia:Learning#Associative_learning"
<http://purl.obolibrary.org/obo/WBbt_0005364>	"WB:rynl"
<http://purl.obolibrary.org/obo/CL_0002371>	"WBbt:0008378"
<http://purl.obolibrary.org/obo/CL_0002371>	"FMA:72300"
<http://purl.obolibrary.org/obo/CL_0002371>	"BTO:0001268"
<http://purl.obolibrary.org/obo/GO_0009790>	"Wikipedia:Embryogenesis"
<http://purl.obolibrary.org/obo/GO_0009790>	"Reactome:R-HSA-5619507"
<http://purl.obolibrary.org/obo/GO_0005930>	"Wikipedia:Axoneme"
<http://purl.obolibrary.org/obo/GO_0042427>	"MetaCyc:PWY-6030"
<http://purl.obolibrary.org/obo/GO_0042427>	"Wikipedia:Serotonin"
<http://purl.obolibrary.org/obo/GO_0042427>	"MetaCyc:PWY-8475"
<http://purl.obolibrary.org/obo/WBbt_0000101>	"WB:RYNL"
<http://purl.obolibrary.org/obo/WBbt_0005733>	"CARO:0000066"
<http://purl.obolibrary.org/obo/WBbt_0005733>	"WB:pws"
<http://purl.obolibrary.org/obo/GO_0007165>	"Reactome:R-HSA-212718"
<http://purl.obolibrary.org/obo/GO_0007165>	"Wikipedia:Signal_transduction"
<http://purl.obolibrary.org/obo/WBbt_0005775>	"WBPaper:00038216"
<http://purl.obolibrary.org/obo/GO_0043226>	"Wikipedia:Organelle"
<http://purl.obolibrary.org/obo/GO_0043226>	"NIF_Subcellular:sao1539965131"
<http://purl.obolibrary.org/obo/WBbt_0005772>	"WBPaper:00038216"
<http://purl.obolibrary.org/obo/GO_0051318>	"Wikipedia:G1_phase"
<http://purl.obolibrary.org/obo/GO_0005623>	"Wikipedia:Cell_(biology)"
<http://purl.obolibrary.org/obo/GO_0005623>	"NIF_Subcellular:sao1813327414"
<http://purl.obolibrary.org/obo/GO_0000184>	"Reactome:R-HSA-927802"
<http://purl.obolibrary.org/obo/GO_0000184>	"Wikipedia:Nonsense-mediated_decay"
<http://purl.obolibrary.org/obo/GO_0000184>	"Wikipedia:Nonsense-mediated_mRNA_decay"
<http://purl.obolibrary.org/obo/WBbt_0005735>	"WB:rynl"
<http://purl.obolibrary.org/obo/GO_0006996>	"Reactome:R-HSA-1852241"
<http://purl.obolibrary.org/obo/GO_0000932>	"Wikipedia:P_body"
<http://purl.obolibrary.org/obo/CL_0000586>	"VHOG:0001534"
<http://purl.obolibrary.org/obo/CL_0000586>	"WBbt:0006796"
<http://purl.obolibrary.org/obo/CL_0000586>	"NCIT:C12597"
<http://purl.obolibrary.org/obo/CL_0000586>	"BTO:0000535"
<http://purl.obolibrary.org/obo/GO_0007296>	"Wikipedia:Vitellogenesis"
<http://purl.obolibrary.org/obo/GO_0007155>	"Wikipedia:Cell_adhesion"
<http://purl.obolibrary.org/obo/GO_0005912>	"Wikipedia:Adherens_junction"
<http://purl.obolibrary.org/obo/CL_0000000>	"CALOHA:TS-2035"
<http://purl.obolibrary.org/obo/CL_0000000>	"MESH:D002477"
<http://purl.obolibrary.org/obo/CL_0000000>	"XAO:0003012"
<http://purl.obolibrary.org/obo/CL_0000000>	"VHOG:0001533"
<http://purl.obolibrary.org/obo/CL_0000000>	"GO:0005623"
<http://purl.obolibrary.org/obo/CL_0000000>	"FMA:68646"
<http://purl.obolibrary.org/obo/CL_0000000>	"WBbt:0004017"
<http://purl.obolibrary.org/obo/CL_0000000>	"KUPO:0000002"
<http://purl.obolibrary.org/obo/WBbt_0007850>	"CARO:0000027"
<http://purl.obolibrary.org/obo/GO_0007320>	"Wikipedia:Insemination"
<http://purl.obolibrary.org/obo/GO_0031982>	"Wikipedia:Vesicle_(biology)"
<http://purl.obolibrary.org/obo/GO_0031982>	"NIF_Subcellular:sao221389602"
<http://purl.obolibrary.org/obo/GO_0005783>	"NIF_Subcellular:sao1036339110"
<http://purl.obolibrary.org/obo/GO_0005783>	"Wikipedia:Endoplasmic_reticulum"
<http://purl.obolibrary.org/obo/GO_0000910>	"Wikipedia:Cytokinesis"
<http://purl.obolibrary.org/obo/GO_0007091>	"Reactome:R-HSA-68881"
<http://purl.obolibrary.org/obo/GO_0007631>	"Wikipedia:List_of_feeding_behaviours"
<http://purl.obolibrary.org/obo/GO_0003824>	"Wikipedia:Enzyme"
<http://purl.obolibrary.org/obo/GO_0042073>	"Wikipedia:Intraflagellar_transport"
<http://purl.obolibrary.org/obo/WBbt_0005762>	"WBPaper:00038216"
<http://purl.obolibrary.org/obo/WBbt_0004216>	"WB:rynl"
<http://purl.obolibrary.org/obo/GO_0005634>	"Wikipedia:Cell_nucleus"
<http://purl.obolibrary.org/obo/GO_0005634>	"NIF_Subcellular:sao1702920020"
<http://purl.obolibrary.org/obo/WBbt_0005746>	"ISBN:0-14-051288-8"
<http://purl.obolibrary.org/obo/GO_0005777>	"Wikipedia:Peroxisome"
<http://purl.obolibrary.org/obo/GO_0005777>	"NIF_Subcellular:sao499555322"
<http://purl.obolibrary.org/obo/GO_0000278>	"Wikipedia:Mitosis"
<http://purl.obolibrary.org/obo/GO_0000278>	"Reactome:R-HSA-69278"
<http://purl.obolibrary.org/obo/GO_0003990>	"MetaCyc:ACETYLCHOLINESTERASE-RXN"
<http://purl.obolibrary.org/obo/GO_0003990>	"RHEA:17561"
<http://purl.obolibrary.org/obo/GO_0003990>	"Reactome:R-HSA-372519"
<http://purl.obolibrary.org/obo/GO_0003990>	"EC:3.1.1.7"
<http://purl.obolibrary.org/obo/GO_0000723>	"Reactome:R-HSA-157579"
<http://purl.obolibrary.org/obo/GO_0007617>	"Wikipedia:Mating_behaviour"
<http://purl.obolibrary.org/obo/GO_0030424>	"Wikipedia:Axon"
<http://purl.obolibrary.org/obo/GO_0030424>	"NIF_Subcellular:sao1770195789"
<http://purl.obolibrary.org/obo/GO_0030054>	"Wikipedia:Cell_junction"
<http://purl.obolibrary.org/obo/GO_0016757>	"EC:2.4.-.-"
<http://purl.obolibrary.org/obo/GO_0016757>	"Reactome:R-HSA-5173005"
<http://purl.obolibrary.org/obo/GO_0016757>	"Reactome:R-HSA-6785565"
<http://purl.obolibrary.org/obo/GO_0031143>	"Wikipedia:Pseudopod"
<http://purl.obolibrary.org/obo/GO_0008152>	"Wikipedia:Metabolism"
<http://purl.obolibrary.org/obo/GO_0008152>	"Reactome:R-HSA-1430728"
<http://purl.obolibrary.org/obo/WBPhenotype_0000706>	"PMID:15843430"
<http://purl.obolibrary.org/obo/CL_0000411>	"WBbt:0007846"
<http://purl.obolibrary.org/obo/GO_0007283>	"Wikipedia:Spermatogenesis"
<http://purl.obolibrary.org/obo/GO_0035176>	"Wikipedia:Social_behavior"
<http://purl.obolibrary.org/obo/GO_0006897>	"Wikipedia:Endocytosis"
<http://purl.obolibrary.org/obo/CL_0000365>	"BTO:0000854"
<http://purl.obolibrary.org/obo/CL_0000365>	"EHDAA2:0004546"
<http://purl.obolibrary.org/obo/CL_0000365>	"FMA:72395"
<http://purl.obolibrary.org/obo/GO_0008021>	"Wikipedia:Synaptic_vesicle"
<http://purl.obolibrary.org/obo/GO_0008021>	"NIF_Subcellular:sao1071221672"
<http://purl.obolibrary.org/obo/GO_0019538>	"Wikipedia:Protein_metabolism"
<http://purl.obolibrary.org/obo/GO_0019538>	"Reactome:R-HSA-392499"
<http://purl.obolibrary.org/obo/CL_0000025>	"BTO:0003801"
<http://purl.obolibrary.org/obo/CL_0000025>	"CALOHA:TS-2191"
<http://purl.obolibrary.org/obo/CL_0000025>	"FMA:67343"
<http://purl.obolibrary.org/obo/CL_0000025>	"BTO:0000369"
<http://purl.obolibrary.org/obo/CL_0000025>	"MESH:D010063"
<http://purl.obolibrary.org/obo/GO_0030154>	"Wikipedia:Cellular_differentiation"
<http://purl.obolibrary.org/obo/CL_0000540>	"BTO:0000938"
<http://purl.obolibrary.org/obo/CL_0000540>	"WBbt:0003679"
<http://purl.obolibrary.org/obo/CL_0000540>	"VHOG:0001483"
<http://purl.obolibrary.org/obo/CL_0000540>	"CALOHA:TS-0683"
<http://purl.obolibrary.org/obo/CL_0000540>	"FMA:54527"
<http://purl.obolibrary.org/obo/GO_0030163>	"Wikipedia:Protein_catabolism"
<http://purl.obolibrary.org/obo/GO_0005923>	"Wikipedia:Tight_junction"
<http://purl.obolibrary.org/obo/GO_0005923>	"NIF_Subcellular:sao1939999134"
<http://purl.obolibrary.org/obo/GO_0008356>	"Wikipedia:Asymmetric_cell_division"
<http://purl.obolibrary.org/obo/GO_0006351>	"Reactome:R-HSA-2173793"
<http://purl.obolibrary.org/obo/GO_0006351>	"Wikipedia:Transcription_(genetics)"
<http://purl.obolibrary.org/obo/GO_0006351>	"Reactome:R-HSA-74160"
<http://purl.obolibrary.org/obo/GO_0006915>	"Wikipedia:Apoptosis"
<http://purl.obolibrary.org/obo/GO_0006915>	"Reactome:R-HSA-109581"
<http://purl.obolibrary.org/obo/GO_0045120>	"Wikipedia:Pronucleus"
<http://purl.obolibrary.org/obo/GO_0006401>	"Reactome:R-HSA-9930044"
<http://purl.obolibrary.org/obo/GO_0007049>	"Reactome:R-HSA-1640170"
<http://purl.obolibrary.org/obo/GO_0007049>	"Wikipedia:Cell_cycle"
<http://purl.obolibrary.org/obo/GO_0048477>	"Wikipedia:Oogenesis"
<http://purl.obolibrary.org/obo/GO_0005739>	"NIF_Subcellular:sao1860313010"
<http://purl.obolibrary.org/obo/GO_0005739>	"Wikipedia:Mitochondrion"
<http://purl.obolibrary.org/obo/GO_0001764>	"Wikipedia:Neural_development#Neuron_migration"
<http://purl.obolibrary.org/obo/GO_0001764>	"Wikipedia:Neuron_migration"
<http://purl.obolibrary.org/obo/WBbt_0003681>	"WBPaper:00038216"
<http://purl.obolibrary.org/obo/GO_0007129>	"Wikipedia:Synapsis"
<http://purl.obolibrary.org/obo/GO_0005643>	"Wikipedia:Nuclear_pore"
<http://purl.obolibrary.org/obo/GO_0005643>	"NIF_Subcellular:sao220861693"
<http://purl.obolibrary.org/obo/WBbt_0007849>	"CARO:0000029"
<http://purl.obolibrary.org/obo/CL_0000023>	"WBbt:0006797"
<http://purl.obolibrary.org/obo/CL_0000023>	"MESH:D009865"
<http://purl.obolibrary.org/obo/CL_0000023>	"FMA:18644"
<http://purl.obolibrary.org/obo/CL_0000023>	"BTO:0000964"
<http://purl.obolibrary.org/obo/CL_0000023>	"CALOHA:TS-0711"
<http://purl.obolibrary.org/obo/GO_0009566>	"Wikipedia:Fertilisation"
<http://purl.obolibrary.org/obo/CL_0000066>	"FMA:66768"
<http://purl.obolibrary.org/obo/CL_0000066>	"CALOHA:TS-2026"
<http://purl.obolibrary.org/obo/CL_0000066>	"CARO:0000077"
<http://purl.obolibrary.org/obo/CL_0000066>	"WBbt:0003672"
<http://purl.obolibrary.org/obo/CL_0000066>	"BTO:0000414"
<http://purl.obolibrary.org/obo/GO_0048786>	"NIF_Subcellular:sao792027222"
<http://purl.obolibrary.org/obo/CL_0000300>	"CALOHA:TS-0395"
<http://purl.obolibrary.org/obo/CL_0000300>	"FMA:18649"
<http://purl.obolibrary.org/obo/GO_0031430>	"Wikipedia:Sarcomere#bands"
<http://purl.obolibrary.org/obo/GO_0043227>	"NIF_Subcellular:sao414196390"
<http://purl.obolibrary.org/obo/GO_0042331>	"Wikipedia:Phototaxis"
<http://purl.obolibrary.org/obo/PATO_0001555>	"OBO_REL:has_part"
<http://purl.obolibrary.org/obo/WBbt_0005756>	"WBPaper:00038216"
<http://purl.obolibrary.org/obo/GO_0005737>	"Wikipedia:Cytoplasm"
<http://purl.obolibrary.org/obo/GO_0016477>	"Wikipedia:Cell_migration"
<http://purl.obolibrary.org/obo/GO_0012501>	"Reactome:R-HSA-5357801"
<http://purl.obolibrary.org/obo/GO_0012501>	"Wikipedia:Programmed_cell_death"
<http://purl.obolibrary.org/obo/GO_0005102>	"Wikipedia:Ligand_(biochemistry)"
<http://purl.obolibrary.org/obo/WBbt_0005732>	"WB:pws"
<http://purl.obolibrary.org/obo/WBbt_0005732>	"CARO:0000040"
<http://purl.obolibrary.org/obo/GO_0016070>	"Reactome:R-HSA-8953854"
<http://purl.obolibrary.org/obo/GO_0008584>	"Reactome:R-HSA-9690406"
<http://purl.obolibrary.org/obo/PATO_0002000>	"OBO_REL:lacks_part"
<http://purl.obolibrary.org/obo/GO_0030968>	"Reactome:R-HSA-381119"
<http://purl.obolibrary.org/obo/GO_0009058>	"Wikipedia:Anabolism"
<http://purl.obolibrary.org/obo/GO_0031577>	"Wikipedia:Spindle_checkpoint"
<http://purl.obolibrary.org/obo/GO_0010467>	"Wikipedia:Gene_expression"
<http://purl.obolibrary.org/obo/GO_0005911>	"NIF_Subcellular:sao1922892319"
<http://purl.obolibrary.org/obo/GO_0007059>	"Wikipedia:Chromosome_segregation"
<http://purl.obolibrary.org/obo/GO_0006898>	"Wikipedia:Receptor-mediated_endocytosis"
<http://purl.obolibrary.org/obo/GO_0006898>	"Reactome:R-HSA-2173782"
<http://purl.obolibrary.org/obo/GO_0016301>	"Reactome:R-HSA-6788855"
<http://purl.obolibrary.org/obo/GO_0016301>	"Reactome:R-HSA-6788867"
<http://purl.obolibrary.org/obo/UBERON_0001062>	"MA:0000001"
<http://purl.obolibrary.org/obo/UBERON_0001062>	"TAO:0100000"
<http://purl.obolibrary.org/obo/UBERON_0001062>	"AAO:0010841"
<http://purl.obolibrary.org/obo/UBERON_0001062>	"HAO:0000000"
<http://purl.obolibrary.org/obo/UBERON_0001062>	"ZFA:0100000"
<http://purl.obolibrary.org/obo/UBERON_0001062>	"FMA:62955"
<http://purl.obolibrary.org/obo/UBERON_0001062>	"WBbt:0000100"
<http://purl.obolibrary.org/obo/UBERON_0001062>	"TGMA:0001822"
<http://purl.obolibrary.org/obo/UBERON_0001062>	"BFO:0000004"
<http://purl.obolibrary.org/obo/UBERON_0001062>	"BILA:0000000"
<http://purl.obolibrary.org/obo/UBERON_0001062>	"AEO:0000000"
<http://purl.obolibrary.org/obo/UBERON_0001062>	"NCIT:C12219"
<http://purl.obolibrary.org/obo/UBERON_0001062>	"XAO:0000000"
<http://purl.obolibrary.org/obo/UBERON_0001062>	"EHDAA2:0002229"
<http://purl.obolibrary.org/obo/UBERON_0001062>	"CARO:0000000"
<http://purl.obolibrary.org/obo/UBERON_0001062>	"BIRNLEX:6"
<http://purl.obolibrary.org/obo/UBERON_0000465>	"HAO:0000006"
<http://purl.obolibrary.org/obo/UBERON_0000465>	"VHOG:0001721"
<http://purl.obolibrary.org/obo/UBERON_0000465>	"AAO:0010264"
<http://purl.obolibrary.org/obo/UBERON_0000465>	"FMA:67165"
<http://purl.obolibrary.org/obo/UBERON_0000465>	"BILA:0000006"
<http://purl.obolibrary.org/obo/UBERON_0000465>	"TAO:0001836"
<http://purl.obolibrary.org/obo/UBERON_0000465>	"AEO:0000006"
<http://purl.obolibrary.org/obo/UBERON_0000465>	"CARO:0000006"
<http://purl.obolibrary.org/obo/UBERON_0000465>	"EHDAA2:0003006"
<http://purl.obolibrary.org/obo/UBERON_0000465>	"TGMA:0001826"
<http://purl.obolibrary.org/obo/UBERON_0000061>	"CARO:0000003"
<http://purl.obolibrary.org/obo/UBERON_0000061>	"MA:0003000"
<http://purl.obolibrary.org/obo/UBERON_0000061>	"AEO:0000003"
<http://purl.obolibrary.org/obo/UBERON_0000061>	"FMA:67135"
<http://purl.obolibrary.org/obo/UBERON_0000061>	"http://dbpedia.org/ontology/AnatomicalStructure"
<http://purl.obolibrary.org/obo/UBERON_0000061>	"TAO:0000037"
<http://purl.obolibrary.org/obo/UBERON_0000061>	"FAO:0000001"
<http://purl.obolibrary.org/obo/UBERON_0000061>	"AAO:0010825"
<http://purl.obolibrary.org/obo/UBERON_0000061>	"HAO:0000003"
<http://purl.obolibrary.org/obo/UBERON_0000061>	"FMA:305751"
<http://purl.obolibrary.org/obo/UBERON_0000061>	"ZFA:0000037"
<http://purl.obolibrary.org/obo/UBERON_0000061>	"SCTID:362889002"
<http://purl.obolibrary.org/obo/UBERON_0000061>	"EHDAA2:0003003"
<http://purl.obolibrary.org/obo/UBERON_0000061>	"TGMA:0001823"
<http://purl.obolibrary.org/obo/UBERON_0000061>	"XAO:0003000"
<http://purl.obolibrary.org/obo/UBERON_0000061>	"BILA:0000003"
<http://purl.obolibrary.org/obo/UBERON_0000061>	"VHOG:0001759"
<http://purl.obolibrary.org/obo/UBERON_0000061>	"MESH:D000825"
<http://purl.obolibrary.org/obo/UBERON_0000061>	"GAID:781"
<http://purl.obolibrary.org/obo/UBERON_0000061>	"EMAPA:0"
<http://purl.obolibrary.org/obo/GO_0008150>	"Wikipedia:Biological_process"
<http://purl.obolibrary.org/obo/PATO_0002007>	"Image:http://upload.wikimedia.org/wikipedia/commons/0/06/Convex_polygon_illustration1.png"
<http://purl.obolibrary.org/obo/PATO_0001241>	"snap:Quality"
<http://purl.obolibrary.org/obo/PATO_0001018>	"Wikipedia:Physical_property"
<http://purl.obolibrary.org/obo/WBbt_0005298>	"WB:rynl"
<http://purl.obolibrary.org/obo/WBbt_0005105>	"WB:rynl"
<http://purl.obolibrary.org/obo/WBbt_0005830>	"WB:rynl"
<http://purl.obolibrary.org/obo/WBbt_0005465>	"WB:rynl"
<http://purl.obolibrary.org/obo/WBbt_0004017>	"CL:0000000"
<http://purl.obolibrary.org/obo/WBbt_0005729>	"WB:rynl"
<http://purl.obolibrary.org/obo/WBbt_0005729>	"ISBN:0-14-051288-8"
<http://purl.obolibrary.org/obo/WBbt_0005729>	"CARO:0000043"
<http://purl.obolibrary.org/obo/WBbt_0005375>	"WB:rynl"
<http://purl.obolibrary.org/obo/WBbt_0005189>	"WB:rynl"
<http://purl.obolibrary.org/obo/GO_0043005>	"NIF_Subcellular:sao867568886"
<http://purl.obolibrary.org/obo/GO_0030728>	"Wikipedia:Ovulation"
<http://purl.obolibrary.org/obo/GO_0005769>	"NIF_Subcellular:nlx_subcell_20090701"
<http://purl.obolibrary.org/obo/GO_0005604>	"Wikipedia:Basement_membrane"
<http://purl.obolibrary.org/obo/GO_0006936>	"Wikipedia:Muscle_contraction"
<http://purl.obolibrary.org/obo/GO_0006936>	"Reactome:R-HSA-445355"
<http://purl.obolibrary.org/obo/GO_0007416>	"Wikipedia:Synaptogenesis"
<http://purl.obolibrary.org/obo/GO_0000423>	"Reactome:R-HSA-5205647"
<http://purl.obolibrary.org/obo/GO_0000423>	"Wikipedia:Mitophagy"
<http://purl.obolibrary.org/obo/GO_0000398>	"Reactome:R-HSA-72163"
<http://purl.obolibrary.org/obo/GO_0000398>	"Reactome:R-HSA-72165"
<http://purl.obolibrary.org/obo/GO_0070160>	"Wikipedia:Tight_junction"
<http://purl.obolibrary.org/obo/GO_0006479>	"Reactome:R-HSA-8876725"
<http://purl.obolibrary.org/obo/GO_0031965>	"NIF_Subcellular:sao1687101204"
<http://purl.obolibrary.org/obo/GO_0000077>	"Wikipedia:DNA_damage_checkpoint"
<http://purl.obolibrary.org/obo/GO_0000077>	"Wikipedia:Postreplication_checkpoint"
<http://purl.obolibrary.org/obo/GO_0005575>	"NIF_Subcellular:sao1337158144"
<http://purl.obolibrary.org/obo/GO_0006914>	"Reactome:R-HSA-9612973"
<http://purl.obolibrary.org/obo/GO_0006914>	"Wikipedia:Autophagy_(cellular)"
<http://purl.obolibrary.org/obo/GO_0007399>	"Reactome:R-HSA-9675108"
<http://purl.obolibrary.org/obo/GO_0000070>	"Reactome:R-HSA-2500257"
<http://purl.obolibrary.org/obo/GO_0006887>	"Wikipedia:Exocytosis"
<http://purl.obolibrary.org/obo/GO_0007268>	"Reactome:R-HSA-442729"
<http://purl.obolibrary.org/obo/GO_0007268>	"Reactome:R-HSA-451307"
<http://purl.obolibrary.org/obo/GO_0007268>	"Reactome:R-HSA-442720"
<http://purl.obolibrary.org/obo/GO_0007268>	"Reactome:R-HSA-442742"
<http://purl.obolibrary.org/obo/GO_0007268>	"Reactome:R-HSA-9619483"
<http://purl.obolibrary.org/obo/GO_0007268>	"Reactome:R-HSA-112316"
<http://purl.obolibrary.org/obo/GO_0007268>	"Reactome:R-HSA-9619229"
<http://purl.obolibrary.org/obo/GO_0007268>	"Reactome:R-HSA-451308"
<http://purl.obolibrary.org/obo/GO_0007268>	"Reactome:R-HSA-9620244"
<http://purl.obolibrary.org/obo/GO_0007268>	"Wikipedia:Neurotransmission"
<http://purl.obolibrary.org/obo/GO_0007610>	"Wikipedia:Behavior"
<http://purl.obolibrary.org/obo/GO_0006412>	"Wikipedia:Translation_(genetics)"
<http://purl.obolibrary.org/obo/GO_0006412>	"Reactome:R-HSA-72766"
<http://purl.obolibrary.org/obo/GO_0005730>	"Wikipedia:Nucleolus"
<http://purl.obolibrary.org/obo/GO_0005730>	"NIF_Subcellular:sao1820400233"
<http://purl.obolibrary.org/obo/GO_0007530>	"Wikipedia:Sex-determination_system"
<http://purl.obolibrary.org/obo/GO_0046959>	"Wikipedia:Habituation"
<http://purl.obolibrary.org/obo/GO_0045202>	"NIF_Subcellular:sao914572699"
<http://purl.obolibrary.org/obo/GO_0045202>	"Wikipedia:Chemical_synapse"
<http://purl.obolibrary.org/obo/GO_0006406>	"Reactome:R-HSA-72202"
<http://purl.obolibrary.org/obo/GO_0005929>	"Wikipedia:Cilium"
<http://purl.obolibrary.org/obo/GO_0005929>	"FMA:67181"
<http://purl.obolibrary.org/obo/GO_0005929>	"NIF_Subcellular:sao787716553"
<http://purl.obolibrary.org/obo/GO_0005886>	"NIF_Subcellular:sao1663586795"
<http://purl.obolibrary.org/obo/GO_0005886>	"Wikipedia:Cell_membrane"
<http://purl.obolibrary.org/obo/GO_0006629>	"Reactome:R-HSA-556833"
<http://purl.obolibrary.org/obo/GO_0006629>	"Wikipedia:Lipid_metabolism"
<http://purl.obolibrary.org/obo/GO_0007411>	"Reactome:R-HSA-422475"
<http://purl.obolibrary.org/obo/GO_0007411>	"Wikipedia:Axon_guidance"
<http://purl.obolibrary.org/obo/GO_0007613>	"Wikipedia:Memory"
<http://purl.obolibrary.org/obo/GO_0006260>	"Wikipedia:DNA_replication"
<http://purl.obolibrary.org/obo/GO_0006260>	"Reactome:R-HSA-176187"
<http://purl.obolibrary.org/obo/GO_0006260>	"Reactome:R-HSA-69239"
<http://purl.obolibrary.org/obo/GO_0005768>	"NIF_Subcellular:sao1720343330"
<http://purl.obolibrary.org/obo/GO_0005768>	"Wikipedia:Endosome"
<http://purl.obolibrary.org/obo/GO_0005794>	"NIF_Subcellular:sao451912436"
<http://purl.obolibrary.org/obo/GO_0005794>	"Wikipedia:Golgi_apparatus"
<http://purl.obolibrary.org/obo/GO_0030104>	"Wikipedia:Osmoregulation"
<http://purl.obolibrary.org/obo/GO_0006935>	"Wikipedia:Chemotaxis"
<http://purl.obolibrary.org/obo/GO_0099636>	"Wikipedia:Cytoplasmic_streaming"
<http://purl.obolibrary.org/obo/GO_0007369>	"Wikipedia:Gastrulation"
<http://purl.obolibrary.org/obo/GO_0007369>	"Reactome:R-HSA-9758941"
<http://purl.obolibrary.org/obo/GO_0043052>	"Wikipedia:Thermotaxis"
<http://purl.obolibrary.org/obo/GO_0007281>	"Reactome:R-HSA-9827857"
<http://purl.obolibrary.org/obo/GO_0034599>	"Reactome:R-HSA-9707564"
<http://purl.obolibrary.org/obo/GO_0034599>	"Reactome:R-HSA-3299685"
<http://purl.obolibrary.org/obo/GO_0005764>	"NIF_Subcellular:sao585356902"
<http://purl.obolibrary.org/obo/GO_0005764>	"Wikipedia:Lysosome"
<http://purl.obolibrary.org/obo/GO_0005770>	"NIF_Subcellular:nlx_subcell_20090702"
<http://purl.obolibrary.org/obo/GO_0006396>	"Wikipedia:Post-transcriptional_modification"
<http://purl.obolibrary.org/obo/GO_0032940>	"Wikipedia:Secretion"
<http://purl.obolibrary.org/obo/GO_0007549>	"Wikipedia:Sex-chromosome_dosage_compensation"
<http://purl.obolibrary.org/obo/GO_0030425>	"Wikipedia:Dendrite"
<http://purl.obolibrary.org/obo/GO_0030425>	"NIF_Subcellular:sao1211023249"
<http://purl.obolibrary.org/obo/GO_0035825>	"Wikipedia:Chromosomal_crossover"
<http://purl.obolibrary.org/obo/GO_0000781>	"SO:0000624"
<http://purl.obolibrary.org/obo/GO_0005884>	"NIF_Subcellular:sao1588493326"
<http://purl.obolibrary.org/obo/GO_0005884>	"Wikipedia:Actin"
<http://purl.obolibrary.org/obo/GO_0005884>	"FMA:63850"
<http://purl.obolibrary.org/obo/GO_0045087>	"Reactome:R-HSA-168249"
<http://purl.obolibrary.org/obo/GO_0045087>	"Wikipedia:Innate_immune_system"
<http://purl.obolibrary.org/obo/GO_0005829>	"Wikipedia:Cytosol"
<http://purl.obolibrary.org/obo/GO_0005829>	"NIF_Subcellular:sao101633890"
<http://purl.obolibrary.org/obo/GO_0008380>	"Reactome:R-HSA-72172"
<http://purl.obolibrary.org/obo/GO_0008380>	"Wikipedia:RNA_splicing"
<http://purl.obolibrary.org/obo/GO_0000262>	"NIF_Subcellular:sao1186327184"
<http://purl.obolibrary.org/obo/GO_2001244>	"Reactome:R-HSA-111453"
<http://purl.obolibrary.org/obo/GO_0000281>	"Reactome:R-HSA-68884"
<http://purl.obolibrary.org/obo/GO_0062197>	"Reactome:R-HSA-9711123"
<http://purl.obolibrary.org/obo/GO_0035694>	"Reactome:R-HSA-9837999"
<http://purl.obolibrary.org/obo/GO_0006414>	"Reactome:R-HSA-156842"
<http://purl.obolibrary.org/obo/GO_0009888>	"Wikipedia:Histogenesis"
<http://purl.obolibrary.org/obo/GO_0005635>	"Wikipedia:Nuclear_envelope"
<http://purl.obolibrary.org/obo/GO_0031966>	"NIF_Subcellular:sao1045389829"
<http://purl.obolibrary.org/obo/GO_0042579>	"Wikipedia:Microbody"
<http://purl.obolibrary.org/obo/GO_1901990>	"Reactome:R-HSA-174113"
<http://purl.obolibrary.org/obo/GO_1901990>	"Reactome:R-HSA-176412"
<http://purl.obolibrary.org/obo/GO_0043228>	"NIF_Subcellular:sao1456184038"
<http://purl.obolibrary.org/obo/GO_0044419>	"Reactome:R-HSA-9824443"
<http://purl.obolibrary.org/obo/GO_0001706>	"Reactome:R-HSA-9823730"
<http://purl.obolibrary.org/obo/GO_0007548>	"Wikipedia:Sexual_differentiation"
<http://purl.obolibrary.org/obo/GO_0005622>	"Wikipedia:Intracellular"
<http://purl.obolibrary.org/obo/GO_1901588>	"NIF_Subcellular:sao110773650"
<http://purl.obolibrary.org/obo/GO_0005856>	"Wikipedia:Cytoskeleton"
<http://purl.obolibrary.org/obo/GO_0140546>	"Reactome:R-HSA-9953170"
<http://purl.obolibrary.org/obo/GO_0005576>	"Wikipedia:Extracellular"
<http://purl.obolibrary.org/obo/GO_0042330>	"Wikipedia:Taxis"
<http://purl.obolibrary.org/obo/GO_0016755>	"EC:2.3.2.-"
<http://purl.obolibrary.org/obo/GO_0048609>	"Reactome:R-HSA-1474165"
<http://purl.obolibrary.org/obo/GO_0000075>	"Reactome:R-HSA-69620"
<http://purl.obolibrary.org/obo/GO_0000075>	"Wikipedia:Cell_cycle_checkpoint"
<http://purl.obolibrary.org/obo/GO_0005515>	"Reactome:R-HSA-9866132"
<http://purl.obolibrary.org/obo/GO_2000145>	"Reactome:R-HSA-6785631"
<http://purl.obolibrary.org/obo/GO_0016788>	"Reactome:R-HSA-9023619"
<http://purl.obolibrary.org/obo/GO_0016788>	"EC:3.1.-.-"
<http://purl.obolibrary.org/obo/GO_0016788>	"Reactome:R-HSA-162729"
<http://purl.obolibrary.org/obo/GO_0016788>	"Reactome:R-HSA-9023617"
<http://purl.obolibrary.org/obo/GO_0016788>	"Reactome:R-HSA-9749609"
<http://purl.obolibrary.org/obo/GO_0051306>	"Reactome:R-HSA-2467813"
<http://purl.obolibrary.org/obo/GO_0006355>	"Reactome:R-HSA-9013695"
<http://purl.obolibrary.org/obo/GO_0006355>	"Reactome:R-HSA-9708530"
<http://purl.obolibrary.org/obo/GO_0006355>	"Reactome:R-HSA-9762293"
<http://purl.obolibrary.org/obo/GO_0000957>	"Reactome:R-HSA-9836573"
<http://purl.obolibrary.org/obo/GO_0007018>	"Reactome:R-HSA-983189"
<http://purl.obolibrary.org/obo/GO_0016746>	"EC:2.3.-.-"
<http://purl.obolibrary.org/obo/GO_0016746>	"Reactome:R-HSA-159431"
<http://purl.obolibrary.org/obo/GO_0016746>	"Reactome:R-HSA-8858298"
<http://purl.obolibrary.org/obo/GO_0016746>	"Reactome:R-HSA-193491"
<http://purl.obolibrary.org/obo/GO_0016746>	"Reactome:R-HSA-192312"
<http://purl.obolibrary.org/obo/GO_0016236>	"Reactome:R-HSA-1632852"
<http://purl.obolibrary.org/obo/GO_0016236>	"Reactome:R-HSA-8934903"
<http://purl.obolibrary.org/obo/GO_0016236>	"Reactome:R-HSA-5205685"
<http://purl.obolibrary.org/obo/GO_0042423>	"Reactome:R-HSA-209905"
<http://purl.obolibrary.org/obo/GO_0042423>	"Wikipedia:Catecholamines"
<http://purl.obolibrary.org/obo/GO_0006415>	"Reactome:R-HSA-72764"
<http://purl.obolibrary.org/obo/GO_0018958>	"UM-BBD_pathwayID:phe"
<http://purl.obolibrary.org/obo/GO_0001556>	"Wikipedia:Oocyte_maturation"
<http://purl.obolibrary.org/obo/GO_0051169>	"Wikipedia:Nuclear_transport"
<http://purl.obolibrary.org/obo/GO_0005773>	"Wikipedia:Vacuole"
<http://purl.obolibrary.org/obo/GO_0051320>	"Wikipedia:S_phase"
<http://purl.obolibrary.org/obo/GO_0008088>	"Wikipedia:Axoplasmic_transport"
<http://purl.obolibrary.org/obo/GO_0097447>	"NIF_Subcellular:sao172297168"
<http://purl.obolibrary.org/obo/GO_0045786>	"Reactome:R-HSA-193670"
<http://purl.obolibrary.org/obo/GO_0016020>	"Wikipedia:Transmembrane_protein"
<http://purl.obolibrary.org/obo/GO_0016020>	"Wikipedia:Biological_membrane"
<http://purl.obolibrary.org/obo/GO_0019777>	"Reactome:R-HSA-5681999"
<http://purl.obolibrary.org/obo/GO_0051325>	"Wikipedia:Interphase"
<http://purl.obolibrary.org/obo/GO_0031410>	"NIF_Subcellular:sao180601769"
<http://purl.obolibrary.org/obo/GO_0009295>	"Wikipedia:Nucleoid"
<http://purl.obolibrary.org/obo/GO_0019222>	"Reactome:R-HSA-1989781"
<http://purl.obolibrary.org/obo/GO_0005488>	"Wikipedia:Binding_(molecular)"
<http://purl.obolibrary.org/obo/GO_0007154>	"Wikipedia:Cell_signaling"
<http://purl.obolibrary.org/obo/GO_0030016>	"Wikipedia:Myofibril"
<http://purl.obolibrary.org/obo/GO_0016817>	"EC:3.6.-.-"
<http://purl.obolibrary.org/obo/GO_0007076>	"Reactome:R-HSA-2299718"
<http://purl.obolibrary.org/obo/GO_0007076>	"Reactome:R-HSA-2514853"
<http://purl.obolibrary.org/obo/GO_0016787>	"Reactome:R-HSA-2029475"
<http://purl.obolibrary.org/obo/GO_0016787>	"Reactome:R-HSA-8938314"
<http://purl.obolibrary.org/obo/GO_0016787>	"Reactome:R-HSA-5694583"
<http://purl.obolibrary.org/obo/GO_0016787>	"Reactome:R-HSA-1236938"
<http://purl.obolibrary.org/obo/GO_0016787>	"EC:3.-.-.-"
<http://purl.obolibrary.org/obo/GO_0016787>	"Reactome:R-HSA-6786190"
<http://purl.obolibrary.org/obo/GO_0016787>	"Reactome:R-HSA-8952137"
<http://purl.obolibrary.org/obo/GO_0016787>	"Reactome:R-HSA-5695964"
<http://purl.obolibrary.org/obo/GO_0016787>	"Reactome:R-HSA-6788295"
<http://purl.obolibrary.org/obo/GO_0016787>	"Reactome:R-HSA-9942295"
<http://purl.obolibrary.org/obo/GO_0009968>	"Reactome:R-HSA-8849472"
<http://purl.obolibrary.org/obo/GO_0031672>	"Wikipedia:Sarcomere#bands"
<http://purl.obolibrary.org/obo/GO_0000279>	"Wikipedia:M_phase"
<http://purl.obolibrary.org/obo/GO_0007052>	"Reactome:R-HSA-9648025"
<http://purl.obolibrary.org/obo/GO_0055115>	"Wikipedia:Diapause"
<http://purl.obolibrary.org/obo/GO_0019787>	"Reactome:R-HSA-5678490"
<http://purl.obolibrary.org/obo/GO_0019787>	"Reactome:R-HSA-688137"
<http://purl.obolibrary.org/obo/GO_0045740>	"Reactome:R-HSA-69656"
<http://purl.obolibrary.org/obo/GO_0061024>	"Reactome:R-HSA-199991"
<http://purl.obolibrary.org/obo/GO_0009893>	"Reactome:R-HSA-163765"
<http://purl.obolibrary.org/obo/GO_0043066>	"Reactome:R-HSA-211733"
<http://purl.obolibrary.org/obo/GO_0043066>	"Reactome:R-HSA-211728"
<http://purl.obolibrary.org/obo/GO_0043066>	"Reactome:R-HSA-193639"
<http://purl.obolibrary.org/obo/GO_0000048>	"Reactome:R-HSA-156912"
<http://purl.obolibrary.org/obo/GO_0000048>	"MetaCyc:PEPTIDYLTRANSFERASE-RXN"
<http://purl.obolibrary.org/obo/GO_0000048>	"EC:2.3.2.12"
<http://purl.obolibrary.org/obo/GO_0042981>	"Reactome:R-HSA-169911"
<http://purl.obolibrary.org/obo/GO_0042981>	"Reactome:R-HSA-5633008"
<http://purl.obolibrary.org/obo/GO_0052689>	"Reactome:R-HSA-8937442"
<http://purl.obolibrary.org/obo/GO_0052689>	"EC:3.1.1.-"
<http://purl.obolibrary.org/obo/GO_0052689>	"UM-BBD_reactionID:r1025"
<http://purl.obolibrary.org/obo/GO_0052689>	"KEGG_REACTION:R00630"
<http://purl.obolibrary.org/obo/GO_0052689>	"Reactome:R-HSA-5693691"
<http://purl.obolibrary.org/obo/GO_0052689>	"Reactome:R-HSA-9749792"
<http://purl.obolibrary.org/obo/GO_0016877>	"EC:6.2.-.-"
<http://purl.obolibrary.org/obo/GO_0045787>	"Reactome:R-HSA-8849470"
<http://purl.obolibrary.org/obo/GO_0006836>	"Reactome:R-HSA-442660"
<http://purl.obolibrary.org/obo/GO_0006836>	"Reactome:R-HSA-210500"
<http://purl.obolibrary.org/obo/GO_0006836>	"Reactome:R-HSA-212676"
<http://purl.obolibrary.org/obo/GO_0006836>	"Reactome:R-HSA-181429"
<http://purl.obolibrary.org/obo/GO_0006836>	"Reactome:R-HSA-181430"
<http://purl.obolibrary.org/obo/GO_0006836>	"Reactome:R-HSA-264642"
<http://purl.obolibrary.org/obo/GO_0006261>	"Reactome:R-HSA-69306"
<http://purl.obolibrary.org/obo/GO_0055085>	"Reactome:R-HSA-382556"
<http://purl.obolibrary.org/obo/GO_0055085>	"Reactome:R-HSA-425407"
<http://purl.obolibrary.org/obo/GO_0055085>	"Reactome:R-HSA-5223345"
<http://purl.obolibrary.org/obo/GO_0051326>	"Wikipedia:Telophase"
<http://purl.obolibrary.org/obo/GO_0019953>	"Wikipedia:Sexual_reproduction"
<http://purl.obolibrary.org/obo/GO_1902749>	"Reactome:R-HSA-8852276"
<http://purl.obolibrary.org/obo/GO_0070124>	"Reactome:R-HSA-5368286"
<http://purl.obolibrary.org/obo/GO_0006325>	"Reactome:R-HSA-4839726"
<http://purl.obolibrary.org/obo/GO_0043065>	"Reactome:R-HSA-193648"
<http://purl.obolibrary.org/obo/GO_0043065>	"Reactome:R-HSA-205043"
<http://purl.obolibrary.org/obo/GO_0019216>	"Reactome:R-HSA-400206"
<http://purl.obolibrary.org/obo/GO_0019216>	"Reactome:R-HSA-2426168"
<http://purl.obolibrary.org/obo/GO_0004104>	"RHEA:21964"
<http://purl.obolibrary.org/obo/GO_0004104>	"EC:3.1.1.8"
<http://purl.obolibrary.org/obo/GO_0004104>	"MetaCyc:CHOLINESTERASE-RXN"
<http://purl.obolibrary.org/obo/GO_0031090>	"NIF_Subcellular:sao830981606"
<http://purl.obolibrary.org/obo/GO_0030017>	"Wikipedia:Sarcomere"
<http://purl.obolibrary.org/obo/GO_0016818>	"Reactome:R-HSA-9731590"
<http://purl.obolibrary.org/obo/GO_0016818>	"Reactome:R-HSA-9731613"
<http://purl.obolibrary.org/obo/GO_0016818>	"Reactome:R-HSA-9731632"
<http://purl.obolibrary.org/obo/GO_0016818>	"EC:3.6.1.-"
<http://purl.obolibrary.org/obo/GO_0002376>	"Wikipedia:Immune_system"
<http://purl.obolibrary.org/obo/GO_0009653>	"Wikipedia:Morphogenesis"
<http://purl.obolibrary.org/obo/GO_0010038>	"Reactome:R-HSA-5660526"
<http://purl.obolibrary.org/obo/GO_0007612>	"Wikipedia:Learning"
<http://purl.obolibrary.org/obo/GO_0022008>	"Wikipedia:Neurogenesis"
<http://purl.obolibrary.org/obo/GO_0007077>	"Reactome:R-HSA-2980766"
<http://purl.obolibrary.org/obo/GO_0097193>	"Reactome:R-HSA-109606"
<http://purl.obolibrary.org/obo/GO_0016310>	"Wikipedia:Phosphorylation"
<http://purl.obolibrary.org/obo/GO_0045930>	"Reactome:R-HSA-8854050"
<http://purl.obolibrary.org/obo/GO_0007094>	"Reactome:R-HSA-69618"
<http://purl.obolibrary.org/obo/GO_0016887>	"Reactome:R-HSA-9949632"
<http://purl.obolibrary.org/obo/GO_0016887>	"Reactome:R-HSA-9609860"
<http://purl.obolibrary.org/obo/GO_0016887>	"Reactome:R-HSA-5654989"
<http://purl.obolibrary.org/obo/GO_0016887>	"Reactome:R-HSA-6811422"
<http://purl.obolibrary.org/obo/GO_0016887>	"Reactome:R-HSA-6814670"
<http://purl.obolibrary.org/obo/GO_0016887>	"Reactome:R-HSA-917693"
<http://purl.obolibrary.org/obo/GO_0016887>	"Reactome:R-HSA-9955731"
<http://purl.obolibrary.org/obo/GO_0016887>	"Reactome:R-HSA-9668415"
<http://purl.obolibrary.org/obo/GO_0016887>	"Reactome:R-HSA-6814678"
<http://purl.obolibrary.org/obo/GO_0016887>	"Reactome:R-HSA-5694425"
<http://purl.obolibrary.org/obo/GO_0016887>	"Reactome:R-HSA-9749350"
<http://purl.obolibrary.org/obo/GO_0016887>	"Reactome:R-HSA-8847638"
<http://purl.obolibrary.org/obo/GO_0016887>	"Reactome:R-HSA-8939203"
<http://purl.obolibrary.org/obo/GO_0016887>	"Reactome:R-HSA-8868658"
<http://purl.obolibrary.org/obo/GO_0016887>	"Reactome:R-HSA-6809015"
<http://purl.obolibrary.org/obo/GO_0016887>	"Reactome:R-HSA-5618093"
<http://purl.obolibrary.org/obo/GO_0016887>	"Reactome:R-HSA-6814683"
<http://purl.obolibrary.org/obo/GO_0016887>	"Reactome:R-HSA-3371422"
<http://purl.obolibrary.org/obo/GO_0016887>	"RHEA:13065"
<http://purl.obolibrary.org/obo/GO_0016887>	"Reactome:R-HSA-9948300"
<http://purl.obolibrary.org/obo/GO_0016887>	"Reactome:R-HSA-9706399"
<http://purl.obolibrary.org/obo/GO_0016887>	"Reactome:R-HSA-159101"
<http://purl.obolibrary.org/obo/GO_0016887>	"Reactome:R-HSA-416985"
<http://purl.obolibrary.org/obo/GO_0016887>	"Reactome:R-HSA-9038161"
<http://purl.obolibrary.org/obo/GO_1903749>	"Reactome:R-HSA-75108"
<http://purl.obolibrary.org/obo/GO_1903749>	"Reactome:R-HSA-114452"
<http://purl.obolibrary.org/obo/GO_0007346>	"Reactome:R-HSA-68911"
<http://purl.obolibrary.org/obo/GO_0007346>	"Reactome:R-HSA-2465910"
<http://purl.obolibrary.org/obo/GO_2001233>	"Reactome:R-HSA-205025"
<http://purl.obolibrary.org/obo/GO_0048513>	"Wikipedia:Organogenesis"
<http://purl.obolibrary.org/obo/GO_0010389>	"Reactome:R-HSA-8854518"
<http://purl.obolibrary.org/obo/GO_0007084>	"Reactome:R-HSA-2995410"
<http://purl.obolibrary.org/obo/GO_0006390>	"Reactome:R-HSA-75944"
<http://purl.obolibrary.org/obo/GO_0098930>	"Wikipedia:Axoplasmic_transport"
<http://purl.obolibrary.org/obo/GO_0005938>	"Wikipedia:Cell_cortex"
<http://purl.obolibrary.org/obo/GO_0050776>	"Reactome:R-HSA-198933"
<http://purl.obolibrary.org/obo/GO_0030133>	"NIF_Subcellular:sao885490876"
<http://purl.obolibrary.org/obo/GO_0007005>	"Reactome:R-HSA-1592230"
<http://purl.obolibrary.org/obo/GO_0061025>	"Wikipedia:Lipid_bilayer_fusion"
<http://purl.obolibrary.org/obo/GO_0051716>	"Reactome:R-HSA-8953897"
<http://purl.obolibrary.org/obo/GO_0007623>	"Reactome:R-HSA-9909396"
<http://purl.obolibrary.org/obo/GO_0007623>	"Wikipedia:Circadian_rhythm"
<http://purl.obolibrary.org/obo/GO_0060090>	"Reactome:R-HSA-2564826"
<http://purl.obolibrary.org/obo/GO_0070125>	"Reactome:R-HSA-5389840"
<http://purl.obolibrary.org/obo/GO_0050770>	"Reactome:R-HSA-193697"
<http://purl.obolibrary.org/obo/GO_0062012>	"Reactome:R-HSA-9861718"
<http://purl.obolibrary.org/obo/GO_0040029>	"Reactome:R-HSA-8986944"
<http://purl.obolibrary.org/obo/GO_0040029>	"Reactome:R-HSA-212165"
<http://purl.obolibrary.org/obo/GO_0006270>	"Reactome:R-HSA-68952"
<http://purl.obolibrary.org/obo/GO_0006270>	"Reactome:R-HSA-68962"
<http://purl.obolibrary.org/obo/GO_0006264>	"Reactome:R-HSA-9913635"
<http://purl.obolibrary.org/obo/GO_0006810>	"Reactome:R-HSA-382551"
<http://purl.obolibrary.org/obo/GO_0000086>	"Reactome:R-HSA-69275"
<http://purl.obolibrary.org/obo/GO_0008104>	"Reactome:R-HSA-9609507"
<http://purl.obolibrary.org/obo/GO_0051149>	"Reactome:R-HSA-525793"
<http://purl.obolibrary.org/obo/GO_0009056>	"Wikipedia:Catabolism"
<http://purl.obolibrary.org/obo/GO_0022414>	"Wikipedia:Reproduction"
<http://purl.obolibrary.org/obo/GO_0097194>	"Reactome:R-HSA-75153"
<http://purl.obolibrary.org/obo/GO_0005874>	"NIF_Subcellular:sao1846835077"
<http://purl.obolibrary.org/obo/GO_0005874>	"Wikipedia:Microtubule"
<http://purl.obolibrary.org/obo/GO_0060293>	"Wikipedia:Germ_plasm"
<http://purl.obolibrary.org/obo/GO_0016462>	"Reactome:R-HSA-6810472"
<http://purl.obolibrary.org/obo/GO_0012506>	"NIF_Subcellular:sao1153182838"
<http://purl.obolibrary.org/obo/GO_0034329>	"Reactome:R-HSA-446728"
<http://purl.obolibrary.org/obo/GO_0007586>	"Reactome:R-HSA-8935690"
<http://purl.obolibrary.org/obo/GO_0007586>	"Wikipedia:Digestion"
<http://purl.obolibrary.org/obo/GO_0019748>	"Wikipedia:Secondary_metabolism"
<http://purl.obolibrary.org/obo/GO_0050772>	"Reactome:R-HSA-209563"
<http://purl.obolibrary.org/obo/GO_0006909>	"Wikipedia:Phagocytosis"
<http://purl.obolibrary.org/obo/GO_0006909>	"Reactome:R-HSA-9664417"
<http://purl.obolibrary.org/obo/GO_0006413>	"Reactome:R-HSA-72613"
<http://purl.obolibrary.org/obo/GO_0032259>	"Wikipedia:Methylation"
<http://purl.obolibrary.org/obo/GO_0032259>	"Reactome:R-HSA-156581"
<http://purl.obolibrary.org/obo/GO_0050890>	"Wikipedia:Cognition"
<http://purl.obolibrary.org/obo/GO_0016071>	"Reactome:R-HSA-111367"
<http://purl.obolibrary.org/obo/GO_0044238>	"Reactome:R-HSA-71291"
<http://purl.obolibrary.org/obo/GO_0044238>	"Wikipedia:Primary_metabolite"
<http://purl.obolibrary.org/obo/GO_0005759>	"Wikipedia:Mitochondrial_matrix"
<http://purl.obolibrary.org/obo/GO_0005759>	"NIF_Subcellular:sao1804523077"
<http://purl.obolibrary.org/obo/GO_0032543>	"Reactome:R-HSA-5368287"
<http://purl.obolibrary.org/obo/GO_0017111>	"Reactome:R-HSA-8851494"
<http://purl.obolibrary.org/obo/GO_0017111>	"Reactome:R-HSA-8850846"
<http://purl.obolibrary.org/obo/GO_0017111>	"Reactome:R-HSA-8851234"
<http://purl.obolibrary.org/obo/GO_0017111>	"RHEA:64900"
<http://purl.obolibrary.org/obo/GO_0017111>	"Reactome:R-HSA-8851089"
<http://purl.obolibrary.org/obo/GO_0017111>	"RHEA:23680"
<http://purl.obolibrary.org/obo/GO_0017111>	"MetaCyc:NUCLEOSIDE-TRIPHOSPHATASE-RXN"
<http://purl.obolibrary.org/obo/GO_0017111>	"RHEA:65580"
<http://purl.obolibrary.org/obo/GO_0017111>	"Reactome:R-HSA-8851110"
<http://purl.obolibrary.org/obo/GO_0017111>	"EC:3.6.1.15"
<http://purl.obolibrary.org/obo/GO_0017111>	"Reactome:R-HSA-8851538"
<http://purl.obolibrary.org/obo/GO_0016874>	"EC:6.-.-.-"
<http://purl.obolibrary.org/obo/GO_0012505>	"Wikipedia:Endomembrane_system"
<http://purl.obolibrary.org/obo/GO_0000082>	"Reactome:R-HSA-69206"
<http://purl.obolibrary.org/obo/GO_0038024>	"Reactome:R-HSA-9759202"
<http://purl.obolibrary.org/obo/GO_0038024>	"Reactome:R-HSA-3000122"
<http://purl.obolibrary.org/obo/GO_0038024>	"Reactome:R-HSA-3000137"
<http://purl.obolibrary.org/obo/GO_0038024>	"Reactome:R-HSA-3000112"
<http://purl.obolibrary.org/obo/GO_0038024>	"Reactome:R-HSA-9759209"
<http://purl.obolibrary.org/obo/GO_0038024>	"Reactome:R-HSA-2160915"
<http://purl.obolibrary.org/obo/GO_0038024>	"Reactome:R-HSA-350186"
<http://purl.obolibrary.org/obo/GO_0038024>	"Reactome:R-HSA-3000103"
<http://purl.obolibrary.org/obo/GO_0038024>	"Reactome:R-HSA-203716"
<http://purl.obolibrary.org/obo/GO_0038024>	"Reactome:R-HSA-350168"
<http://purl.obolibrary.org/obo/GO_0050771>	"Reactome:R-HSA-193634"
<http://purl.obolibrary.org/obo/GO_0097190>	"Reactome:R-HSA-193681"
<http://purl.obolibrary.org/obo/GO_0097190>	"Reactome:R-HSA-111459"
<http://purl.obolibrary.org/obo/GO_0097190>	"Reactome:R-HSA-204998"
<http://purl.obolibrary.org/obo/GO_0097190>	"Reactome:R-HSA-75157"
<http://purl.obolibrary.org/obo/GO_0007588>	"Wikipedia:Excretion"
<http://purl.obolibrary.org/obo/GO_0000087>	"Reactome:R-HSA-68886"
<http://purl.obolibrary.org/obo/GO_0007338>	"Reactome:R-HSA-1187000"
<http://purl.obolibrary.org/obo/GO_0060236>	"Reactome:R-HSA-380320"
<http://purl.obolibrary.org/obo/GO_0016740>	"Reactome:R-HSA-8868783"
<http://purl.obolibrary.org/obo/GO_0016740>	"Reactome:R-HSA-5333607"
<http://purl.obolibrary.org/obo/GO_0016740>	"EC:2.-.-.-"
<http://purl.obolibrary.org/obo/GO_0016740>	"Reactome:R-HSA-5668414"
<http://purl.obolibrary.org/obo/GO_0016740>	"Reactome:R-HSA-1483186"
<http://purl.obolibrary.org/obo/GO_0016740>	"Reactome:R-HSA-1483089"
<http://purl.obolibrary.org/obo/GO_0070126>	"Reactome:R-HSA-9937383"
<http://purl.obolibrary.org/obo/GO_0070126>	"Reactome:R-HSA-5419276"
<http://purl.obolibrary.org/obo/GO_0007269>	"Reactome:R-HSA-112310"
<http://purl.obolibrary.org/obo/GO_0007127>	"Wikipedia:Meiosis#Meiosis_I"
<http://purl.obolibrary.org/obo/GO_0010468>	"Reactome:R-HSA-9752946"
<http://purl.obolibrary.org/obo/GO_0010468>	"Wikipedia:Regulation_of_gene_expression"
<http://purl.obolibrary.org/obo/GO_0010468>	"Reactome:R-HSA-163767"
<http://purl.obolibrary.org/obo/WBPhenotype_0010004>	"WB:rk"
<http://purl.obolibrary.org/obo/WBPhenotype_0000702>	"PMID:15341747"
<http://purl.obolibrary.org/obo/CL_0000064>	"XAO:0000031"
<http://purl.obolibrary.org/obo/CL_0000064>	"VHOG:0001532"
<http://purl.obolibrary.org/obo/CL_0000021>	"ncithesaurus:Egg"
<http://purl.obolibrary.org/obo/CL_0000021>	"MA:0000388"
<http://purl.obolibrary.org/obo/CL_0000021>	"VHOG:0001530"
<http://purl.obolibrary.org/obo/CL_0002319>	"CALOHA:TS-2040"
<http://purl.obolibrary.org/obo/CL_0002319>	"FMA:70333"
<http://purl.obolibrary.org/obo/CL_0002321>	"WBbt:0007028"
<http://purl.obolibrary.org/obo/CL_0002321>	"FMA:82840"
<http://purl.obolibrary.org/obo/CL_0002321>	"CALOHA:TS-0263"
<http://purl.obolibrary.org/obo/CL_0010017>	"MESH:D015053"
<http://purl.obolibrary.org/obo/CL_0002242>	"FMA:67513"
<http://purl.obolibrary.org/obo/CL_0000670>	"FMA:70567"
<http://purl.obolibrary.org/obo/CL_0000255>	"MESH:D005057"
<http://purl.obolibrary.org/obo/CL_0000024>	"FMA:83673"
<http://purl.obolibrary.org/obo/CL_0000067>	"FMA:70605"
<http://purl.obolibrary.org/obo/CL_0001061>	"https://ncit.nci.nih.gov/ncitbrowser/ConceptReport.jsp?dictionary=NCI_Thesaurus&code=C12913"
<http://purl.obolibrary.org/obo/CL_0000151>	"FMA:86916"
<http://purl.obolibrary.org/obo/CL_0000151>	"BTO:0003659"
